02:41:09 INFO  : Launching XSCT server: xsct.bat -n  -interactive D:\Work\Hobby_proj\spectrum_analyzer\vitis_workspace\temp_xsdb_launch_script.tcl
02:41:13 INFO  : XSCT server has started successfully.
02:41:13 INFO  : plnx-install-location is set to ''
02:41:13 INFO  : Successfully done setting XSCT server connection channel  
02:41:14 INFO  : Registering command handlers for Vitis TCF services
02:41:18 INFO  : Successfully done setting workspace for the tool. 
02:41:18 INFO  : Successfully done query RDI_DATADIR 
03:14:28 INFO  : Successfully done sdx_reload_mss "D:/Work/Hobby_proj/spectrum_analyzer/vitis_workspace/design_1_wrapper/zynq_fsbl/zynq_fsbl_bsp/system.mss"
03:14:29 INFO  : Successfully done sdx_reload_mss "D:/Work/Hobby_proj/spectrum_analyzer/vitis_workspace/design_1_wrapper/ps7_cortexa9_0/standalone_domain/bsp/system.mss"
03:15:35 ERROR : Failed to read platform from project 'spectrum_analyzer_system'.
Reason: Failed to execute command 'platform read {D:/Work/Hobby_proj/spectrum_analyzer/vitis_workspace/spectrum_analyzer_system/platform.spr}'. Click on details for more information.
03:15:48 ERROR : Failed to read platform from project 'spectrum_analyzer_system'.
Reason: Failed to execute command 'platform read {D:/Work/Hobby_proj/spectrum_analyzer/vitis_workspace/spectrum_analyzer_system/platform.spr}'. Click on details for more information.
03:16:43 INFO  : Hardware specification for platform project 'design_1_wrapper' is updated.
03:16:47 INFO  : Successfully done sdx_reload_mss "D:/Work/Hobby_proj/spectrum_analyzer/vitis_workspace/design_1_wrapper/zynq_fsbl/zynq_fsbl_bsp/system.mss"
03:16:47 INFO  : Successfully done sdx_reload_mss "D:/Work/Hobby_proj/spectrum_analyzer/vitis_workspace/design_1_wrapper/ps7_cortexa9_0/standalone_domain/bsp/system.mss"
03:18:24 INFO  : Checking for BSP changes to sync application flags for project 'spectrum_analyzer'...
03:18:24 ERROR : Failed to get platform details for the project 'spectrum_analyzer'. Cannot sync application flags.
03:18:24 ERROR : Failed to compute checksum of hardware specification file used by project 'spectrum_analyzer'
03:19:27 ERROR : Failed to openhw "D:/Work/Hobby_proj/spectrum_analyzer/vitis_workspace/design_1_wrapper/export/design_1_wrapper/hw/design_1_wrapper.xsa"
Reason: ERROR: [Common 17-39] 'hsi::open_hw_design' failed due to earlier errors.

03:19:27 ERROR : Failed to openhw "D:/Work/Hobby_proj/spectrum_analyzer/vitis_workspace/design_1_wrapper/export/design_1_wrapper/hw/design_1_wrapper.xsa"
Reason: ERROR: [Common 17-39] 'hsi::open_hw_design' failed due to earlier errors.

03:19:55 INFO  : Checking for BSP changes to sync application flags for project 'spectrum_analyzer'...
03:19:55 ERROR : Failed to get platform details for the project 'spectrum_analyzer'. Cannot sync application flags.
03:19:56 ERROR : Failed to compute checksum of hardware specification file used by project 'spectrum_analyzer'
03:20:22 ERROR : Error occurred while generating bsp sources for the domain 'standalone_domain'.
03:21:46 INFO  : Checking for BSP changes to sync application flags for project 'spectrum_analyzer'...
03:21:47 INFO  : The hardware specfication used by project 'spectrum_analyzer' is out of sync with the platform. Resource files extracted from the hardware specfiication will be updated.
03:21:47 INFO  : The updated bitstream files are copied from platform to folder 'D:\Work\Hobby_proj\spectrum_analyzer\vitis_workspace\spectrum_analyzer\_ide\bitstream' in project 'spectrum_analyzer'.
03:21:47 INFO  : The file 'D:\Work\Hobby_proj\spectrum_analyzer\vitis_workspace\spectrum_analyzer\_ide\psinit\ps7_init.tcl' stored in project is removed.
03:21:50 INFO  : The updated ps init files are copied from platform to folder 'D:\Work\Hobby_proj\spectrum_analyzer\vitis_workspace\spectrum_analyzer\_ide\psinit' in project 'spectrum_analyzer'.
03:21:53 INFO  : Checking for BSP changes to sync application flags for project 'spectrum_analyzer'...
03:21:58 INFO  : Checking for BSP changes to sync application flags for project 'spectrum_analyzer'...
03:22:41 ERROR : Failed to openhw "D:/Work/Hobby_proj/spectrum_analyzer/vitis_workspace/design_1_wrapper/export/design_1_wrapper/hw/design_1_wrapper.xsa"
Reason: ERROR: [Common 17-39] 'hsi::open_hw_design' failed due to earlier errors.

03:23:10 INFO  : Launching XSCT server: xsct.bat -n  -interactive D:\Work\Hobby_proj\spectrum_analyzer\vitis_workspace\temp_xsdb_launch_script.tcl
03:23:12 INFO  : XSCT server has started successfully.
03:23:12 INFO  : plnx-install-location is set to ''
03:23:13 INFO  : Registering command handlers for Vitis TCF services
03:23:17 INFO  : Successfully done setting XSCT server connection channel  
03:23:17 INFO  : Successfully done query RDI_DATADIR 
03:23:17 INFO  : Successfully done setting workspace for the tool. 
03:23:18 INFO  : Successfully done sdx_reload_mss "D:/Work/Hobby_proj/spectrum_analyzer/vitis_workspace/design_1_wrapper/zynq_fsbl/zynq_fsbl_bsp/system.mss"
03:23:18 INFO  : Successfully done sdx_reload_mss "D:/Work/Hobby_proj/spectrum_analyzer/vitis_workspace/design_1_wrapper/ps7_cortexa9_0/standalone_domain/bsp/system.mss"
03:31:09 INFO  : Removed 'D:/Work/Hobby_proj/spectrum_analyzer/vitis_workspace/design_1_wrapper/export/design_1_wrapper' from custom platform repositories.
03:31:41 INFO  : Checking for BSP changes to sync application flags for project 'sw_spectrum'...
03:32:15 INFO  : Checking for BSP changes to sync application flags for project 'sw_spectrum'...
03:32:31 INFO  : Checking for BSP changes to sync application flags for project 'sw_spectrum'...
03:32:46 INFO  : Checking for BSP changes to sync application flags for project 'sw_spectrum'...
03:32:56 INFO  : Checking for BSP changes to sync application flags for project 'sw_spectrum'...
03:33:37 INFO  : Connected to target on host '127.0.0.1' and port '3121'.
03:33:37 INFO  : Jtag cable 'Xilinx PYNQ-Z1 003017AD430FA' is selected.
03:33:37 INFO  : 'jtag frequency' command is executed.
03:33:37 INFO  : Context for 'APU' is selected.
03:33:37 INFO  : System reset is completed.
03:33:40 INFO  : 'after 3000' command is executed.
03:33:40 INFO  : 'targets -set -filter {jtag_cable_name =~ "Xilinx PYNQ-Z1 003017AD430FA" && level==0} -index 1' command is executed.
03:33:43 INFO  : FPGA configured successfully with bitstream "D:/Work/Hobby_proj/spectrum_analyzer/vitis_workspace/sw_spectrum/_ide/bitstream/design_1_wrapper.bit"
03:33:43 INFO  : Context for 'APU' is selected.
03:33:43 INFO  : Hardware design information is loaded from 'D:/Work/Hobby_proj/spectrum_analyzer/vitis_workspace/design_1_wrapper_1/export/design_1_wrapper_1/hw/design_1_wrapper.xsa'.
03:33:43 INFO  : 'configparams force-mem-access 1' command is executed.
03:33:43 INFO  : Context for 'APU' is selected.
03:33:43 INFO  : Sourcing of 'D:/Work/Hobby_proj/spectrum_analyzer/vitis_workspace/sw_spectrum/_ide/psinit/ps7_init.tcl' is done.
03:33:43 INFO  : 'ps7_init' command is executed.
03:33:43 INFO  : 'ps7_post_config' command is executed.
03:33:43 INFO  : Context for processor 'ps7_cortexa9_0' is selected.
03:33:43 INFO  : The application 'D:/Work/Hobby_proj/spectrum_analyzer/vitis_workspace/sw_spectrum/Debug/sw_spectrum.elf' is downloaded to processor 'ps7_cortexa9_0'.
03:33:43 INFO  : 'configparams force-mem-access 0' command is executed.
03:33:43 INFO  : ----------------XSDB Script----------------
connect -url tcp:127.0.0.1:3121
targets -set -nocase -filter {name =~"APU*"}
rst -system
after 3000
targets -set -filter {jtag_cable_name =~ "Xilinx PYNQ-Z1 003017AD430FA" && level==0} -index 1
fpga -file D:/Work/Hobby_proj/spectrum_analyzer/vitis_workspace/sw_spectrum/_ide/bitstream/design_1_wrapper.bit
targets -set -nocase -filter {name =~"APU*"}
loadhw -hw D:/Work/Hobby_proj/spectrum_analyzer/vitis_workspace/design_1_wrapper_1/export/design_1_wrapper_1/hw/design_1_wrapper.xsa -mem-ranges [list {0x40000000 0xbfffffff}]
configparams force-mem-access 1
targets -set -nocase -filter {name =~"APU*"}
source D:/Work/Hobby_proj/spectrum_analyzer/vitis_workspace/sw_spectrum/_ide/psinit/ps7_init.tcl
ps7_init
ps7_post_config
targets -set -nocase -filter {name =~ "*A9*#0"}
dow D:/Work/Hobby_proj/spectrum_analyzer/vitis_workspace/sw_spectrum/Debug/sw_spectrum.elf
configparams force-mem-access 0
----------------End of Script----------------

03:33:43 INFO  : Memory regions updated for context APU
03:33:43 INFO  : Context for processor 'ps7_cortexa9_0' is selected.
03:33:44 INFO  : 'con' command is executed.
03:33:44 INFO  : ----------------XSDB Script (After Launch)----------------
targets -set -nocase -filter {name =~ "*A9*#0"}
con
----------------End of Script----------------

03:33:44 INFO  : Launch script is exported to file 'D:\Work\Hobby_proj\spectrum_analyzer\vitis_workspace\.sdk\launch_scripts\single_application_debug\run_sw_spectrum.tcl'
03:36:42 INFO  : Checking for BSP changes to sync application flags for project 'sw_spectrum'...
03:36:49 INFO  : Disconnected from the channel tcfchan#7.
03:36:50 INFO  : Connected to target on host '127.0.0.1' and port '3121'.
03:36:50 INFO  : Jtag cable 'Xilinx PYNQ-Z1 003017AD430FA' is selected.
03:36:50 INFO  : 'jtag frequency' command is executed.
03:36:50 INFO  : Context for 'APU' is selected.
03:36:50 INFO  : System reset is completed.
03:36:53 INFO  : 'after 3000' command is executed.
03:36:53 INFO  : 'targets -set -filter {jtag_cable_name =~ "Xilinx PYNQ-Z1 003017AD430FA" && level==0} -index 1' command is executed.
03:36:56 INFO  : FPGA configured successfully with bitstream "D:/Work/Hobby_proj/spectrum_analyzer/vitis_workspace/sw_spectrum/_ide/bitstream/design_1_wrapper.bit"
03:36:56 INFO  : Context for 'APU' is selected.
03:36:56 INFO  : Hardware design information is loaded from 'D:/Work/Hobby_proj/spectrum_analyzer/vitis_workspace/design_1_wrapper_1/export/design_1_wrapper_1/hw/design_1_wrapper.xsa'.
03:36:56 INFO  : 'configparams force-mem-access 1' command is executed.
03:36:56 INFO  : Context for 'APU' is selected.
03:36:56 INFO  : Sourcing of 'D:/Work/Hobby_proj/spectrum_analyzer/vitis_workspace/sw_spectrum/_ide/psinit/ps7_init.tcl' is done.
03:36:56 INFO  : 'ps7_init' command is executed.
03:36:56 INFO  : 'ps7_post_config' command is executed.
03:36:56 INFO  : Context for processor 'ps7_cortexa9_0' is selected.
03:36:56 INFO  : The application 'D:/Work/Hobby_proj/spectrum_analyzer/vitis_workspace/sw_spectrum/Debug/sw_spectrum.elf' is downloaded to processor 'ps7_cortexa9_0'.
03:36:56 INFO  : 'configparams force-mem-access 0' command is executed.
03:36:56 INFO  : ----------------XSDB Script----------------
connect -url tcp:127.0.0.1:3121
targets -set -nocase -filter {name =~"APU*"}
rst -system
after 3000
targets -set -filter {jtag_cable_name =~ "Xilinx PYNQ-Z1 003017AD430FA" && level==0} -index 1
fpga -file D:/Work/Hobby_proj/spectrum_analyzer/vitis_workspace/sw_spectrum/_ide/bitstream/design_1_wrapper.bit
targets -set -nocase -filter {name =~"APU*"}
loadhw -hw D:/Work/Hobby_proj/spectrum_analyzer/vitis_workspace/design_1_wrapper_1/export/design_1_wrapper_1/hw/design_1_wrapper.xsa -mem-ranges [list {0x40000000 0xbfffffff}]
configparams force-mem-access 1
targets -set -nocase -filter {name =~"APU*"}
source D:/Work/Hobby_proj/spectrum_analyzer/vitis_workspace/sw_spectrum/_ide/psinit/ps7_init.tcl
ps7_init
ps7_post_config
targets -set -nocase -filter {name =~ "*A9*#0"}
dow D:/Work/Hobby_proj/spectrum_analyzer/vitis_workspace/sw_spectrum/Debug/sw_spectrum.elf
configparams force-mem-access 0
----------------End of Script----------------

03:36:56 INFO  : Memory regions updated for context APU
03:36:56 INFO  : Context for processor 'ps7_cortexa9_0' is selected.
03:36:56 INFO  : 'con' command is executed.
03:36:56 INFO  : ----------------XSDB Script (After Launch)----------------
targets -set -nocase -filter {name =~ "*A9*#0"}
con
----------------End of Script----------------

03:36:56 INFO  : Launch script is exported to file 'D:\Work\Hobby_proj\spectrum_analyzer\vitis_workspace\.sdk\launch_scripts\single_application_debug\run_sw_spectrum.tcl'
03:40:33 INFO  : Checking for BSP changes to sync application flags for project 'sw_spectrum'...
03:40:42 INFO  : Disconnected from the channel tcfchan#9.
03:40:43 INFO  : Connected to target on host '127.0.0.1' and port '3121'.
03:40:43 INFO  : Jtag cable 'Xilinx PYNQ-Z1 003017AD430FA' is selected.
03:40:43 INFO  : 'jtag frequency' command is executed.
03:40:43 INFO  : Context for 'APU' is selected.
03:40:43 INFO  : System reset is completed.
03:40:46 INFO  : 'after 3000' command is executed.
03:40:46 INFO  : 'targets -set -filter {jtag_cable_name =~ "Xilinx PYNQ-Z1 003017AD430FA" && level==0} -index 1' command is executed.
03:40:49 INFO  : FPGA configured successfully with bitstream "D:/Work/Hobby_proj/spectrum_analyzer/vitis_workspace/sw_spectrum/_ide/bitstream/design_1_wrapper.bit"
03:40:49 INFO  : Context for 'APU' is selected.
03:40:49 INFO  : Hardware design information is loaded from 'D:/Work/Hobby_proj/spectrum_analyzer/vitis_workspace/design_1_wrapper_1/export/design_1_wrapper_1/hw/design_1_wrapper.xsa'.
03:40:49 INFO  : 'configparams force-mem-access 1' command is executed.
03:40:49 INFO  : Context for 'APU' is selected.
03:40:49 INFO  : Sourcing of 'D:/Work/Hobby_proj/spectrum_analyzer/vitis_workspace/sw_spectrum/_ide/psinit/ps7_init.tcl' is done.
03:40:49 INFO  : 'ps7_init' command is executed.
03:40:49 INFO  : 'ps7_post_config' command is executed.
03:40:49 INFO  : Context for processor 'ps7_cortexa9_0' is selected.
03:40:49 INFO  : The application 'D:/Work/Hobby_proj/spectrum_analyzer/vitis_workspace/sw_spectrum/Debug/sw_spectrum.elf' is downloaded to processor 'ps7_cortexa9_0'.
03:40:49 INFO  : 'configparams force-mem-access 0' command is executed.
03:40:49 INFO  : ----------------XSDB Script----------------
connect -url tcp:127.0.0.1:3121
targets -set -nocase -filter {name =~"APU*"}
rst -system
after 3000
targets -set -filter {jtag_cable_name =~ "Xilinx PYNQ-Z1 003017AD430FA" && level==0} -index 1
fpga -file D:/Work/Hobby_proj/spectrum_analyzer/vitis_workspace/sw_spectrum/_ide/bitstream/design_1_wrapper.bit
targets -set -nocase -filter {name =~"APU*"}
loadhw -hw D:/Work/Hobby_proj/spectrum_analyzer/vitis_workspace/design_1_wrapper_1/export/design_1_wrapper_1/hw/design_1_wrapper.xsa -mem-ranges [list {0x40000000 0xbfffffff}]
configparams force-mem-access 1
targets -set -nocase -filter {name =~"APU*"}
source D:/Work/Hobby_proj/spectrum_analyzer/vitis_workspace/sw_spectrum/_ide/psinit/ps7_init.tcl
ps7_init
ps7_post_config
targets -set -nocase -filter {name =~ "*A9*#0"}
dow D:/Work/Hobby_proj/spectrum_analyzer/vitis_workspace/sw_spectrum/Debug/sw_spectrum.elf
configparams force-mem-access 0
----------------End of Script----------------

03:40:49 INFO  : Memory regions updated for context APU
03:40:49 INFO  : Context for processor 'ps7_cortexa9_0' is selected.
03:40:49 INFO  : 'con' command is executed.
03:40:49 INFO  : ----------------XSDB Script (After Launch)----------------
targets -set -nocase -filter {name =~ "*A9*#0"}
con
----------------End of Script----------------

03:40:49 INFO  : Launch script is exported to file 'D:\Work\Hobby_proj\spectrum_analyzer\vitis_workspace\.sdk\launch_scripts\single_application_debug\run_sw_spectrum.tcl'
03:41:46 INFO  : Checking for BSP changes to sync application flags for project 'sw_spectrum'...
03:41:58 INFO  : Checking for BSP changes to sync application flags for project 'sw_spectrum'...
03:42:35 INFO  : Disconnected from the channel tcfchan#11.
03:42:36 INFO  : Connected to target on host '127.0.0.1' and port '3121'.
03:42:36 INFO  : Jtag cable 'Xilinx PYNQ-Z1 003017AD430FA' is selected.
03:42:36 INFO  : 'jtag frequency' command is executed.
03:42:36 INFO  : Context for 'APU' is selected.
03:42:36 INFO  : System reset is completed.
03:42:39 INFO  : 'after 3000' command is executed.
03:42:39 INFO  : 'targets -set -filter {jtag_cable_name =~ "Xilinx PYNQ-Z1 003017AD430FA" && level==0} -index 1' command is executed.
03:42:42 INFO  : FPGA configured successfully with bitstream "D:/Work/Hobby_proj/spectrum_analyzer/vitis_workspace/sw_spectrum/_ide/bitstream/design_1_wrapper.bit"
03:42:42 INFO  : Context for 'APU' is selected.
03:42:42 INFO  : Hardware design information is loaded from 'D:/Work/Hobby_proj/spectrum_analyzer/vitis_workspace/design_1_wrapper_1/export/design_1_wrapper_1/hw/design_1_wrapper.xsa'.
03:42:42 INFO  : 'configparams force-mem-access 1' command is executed.
03:42:42 INFO  : Context for 'APU' is selected.
03:42:42 INFO  : Sourcing of 'D:/Work/Hobby_proj/spectrum_analyzer/vitis_workspace/sw_spectrum/_ide/psinit/ps7_init.tcl' is done.
03:42:42 INFO  : 'ps7_init' command is executed.
03:42:42 INFO  : 'ps7_post_config' command is executed.
03:42:42 INFO  : Context for processor 'ps7_cortexa9_0' is selected.
03:42:42 INFO  : The application 'D:/Work/Hobby_proj/spectrum_analyzer/vitis_workspace/sw_spectrum/Debug/sw_spectrum.elf' is downloaded to processor 'ps7_cortexa9_0'.
03:42:42 INFO  : 'configparams force-mem-access 0' command is executed.
03:42:42 INFO  : ----------------XSDB Script----------------
connect -url tcp:127.0.0.1:3121
targets -set -nocase -filter {name =~"APU*"}
rst -system
after 3000
targets -set -filter {jtag_cable_name =~ "Xilinx PYNQ-Z1 003017AD430FA" && level==0} -index 1
fpga -file D:/Work/Hobby_proj/spectrum_analyzer/vitis_workspace/sw_spectrum/_ide/bitstream/design_1_wrapper.bit
targets -set -nocase -filter {name =~"APU*"}
loadhw -hw D:/Work/Hobby_proj/spectrum_analyzer/vitis_workspace/design_1_wrapper_1/export/design_1_wrapper_1/hw/design_1_wrapper.xsa -mem-ranges [list {0x40000000 0xbfffffff}]
configparams force-mem-access 1
targets -set -nocase -filter {name =~"APU*"}
source D:/Work/Hobby_proj/spectrum_analyzer/vitis_workspace/sw_spectrum/_ide/psinit/ps7_init.tcl
ps7_init
ps7_post_config
targets -set -nocase -filter {name =~ "*A9*#0"}
dow D:/Work/Hobby_proj/spectrum_analyzer/vitis_workspace/sw_spectrum/Debug/sw_spectrum.elf
configparams force-mem-access 0
----------------End of Script----------------

03:42:42 INFO  : Memory regions updated for context APU
03:42:42 INFO  : Context for processor 'ps7_cortexa9_0' is selected.
03:42:42 INFO  : 'con' command is executed.
03:42:42 INFO  : ----------------XSDB Script (After Launch)----------------
targets -set -nocase -filter {name =~ "*A9*#0"}
con
----------------End of Script----------------

03:42:42 INFO  : Launch script is exported to file 'D:\Work\Hobby_proj\spectrum_analyzer\vitis_workspace\.sdk\launch_scripts\single_application_debug\run_sw_spectrum.tcl'
03:52:47 ERROR : Failed to openhw "D:/Work/Hobby_proj/spectrum_analyzer/vitis_workspace/design_1_wrapper_1/export/design_1_wrapper_1/hw/design_1_wrapper.xsa"
Reason: ERROR: [Common 17-39] 'hsi::open_hw_design' failed due to earlier errors.

03:53:02 INFO  : Hardware specification for platform project 'design_1_wrapper_1' is updated.
03:53:32 INFO  : Checking for BSP changes to sync application flags for project 'sw_spectrum'...
03:53:35 INFO  : The hardware specfication used by project 'sw_spectrum' is out of sync with the platform. Resource files extracted from the hardware specfiication will be updated.
03:53:35 INFO  : The file 'D:\Work\Hobby_proj\spectrum_analyzer\vitis_workspace\sw_spectrum\_ide\bitstream\design_1_wrapper.bit' stored in project is removed.
03:53:35 INFO  : The updated bitstream files are copied from platform to folder 'D:\Work\Hobby_proj\spectrum_analyzer\vitis_workspace\sw_spectrum\_ide\bitstream' in project 'sw_spectrum'.
03:53:35 INFO  : The file 'D:\Work\Hobby_proj\spectrum_analyzer\vitis_workspace\sw_spectrum\_ide\psinit\ps7_init.tcl' stored in project is removed.
03:53:38 INFO  : The updated ps init files are copied from platform to folder 'D:\Work\Hobby_proj\spectrum_analyzer\vitis_workspace\sw_spectrum\_ide\psinit' in project 'sw_spectrum'.
03:53:42 INFO  : Disconnected from the channel tcfchan#14.
03:53:43 INFO  : Connected to target on host '127.0.0.1' and port '3121'.
03:53:43 INFO  : Jtag cable 'Xilinx PYNQ-Z1 003017AD430FA' is selected.
03:53:43 INFO  : 'jtag frequency' command is executed.
03:53:43 INFO  : Context for 'APU' is selected.
03:53:43 INFO  : System reset is completed.
03:53:46 INFO  : 'after 3000' command is executed.
03:53:46 INFO  : 'targets -set -filter {jtag_cable_name =~ "Xilinx PYNQ-Z1 003017AD430FA" && level==0} -index 1' command is executed.
03:53:49 INFO  : FPGA configured successfully with bitstream "D:/Work/Hobby_proj/spectrum_analyzer/vitis_workspace/sw_spectrum/_ide/bitstream/design_1_wrapper.bit"
03:53:49 INFO  : Context for 'APU' is selected.
03:53:49 INFO  : Hardware design information is loaded from 'D:/Work/Hobby_proj/spectrum_analyzer/vitis_workspace/design_1_wrapper_1/export/design_1_wrapper_1/hw/design_1_wrapper.xsa'.
03:53:49 INFO  : 'configparams force-mem-access 1' command is executed.
03:53:49 INFO  : Context for 'APU' is selected.
03:53:49 INFO  : Sourcing of 'D:/Work/Hobby_proj/spectrum_analyzer/vitis_workspace/sw_spectrum/_ide/psinit/ps7_init.tcl' is done.
03:53:49 INFO  : 'ps7_init' command is executed.
03:53:49 INFO  : 'ps7_post_config' command is executed.
03:53:49 INFO  : Context for processor 'ps7_cortexa9_0' is selected.
03:53:49 INFO  : The application 'D:/Work/Hobby_proj/spectrum_analyzer/vitis_workspace/sw_spectrum/Debug/sw_spectrum.elf' is downloaded to processor 'ps7_cortexa9_0'.
03:53:49 INFO  : 'configparams force-mem-access 0' command is executed.
03:53:49 INFO  : ----------------XSDB Script----------------
connect -url tcp:127.0.0.1:3121
targets -set -nocase -filter {name =~"APU*"}
rst -system
after 3000
targets -set -filter {jtag_cable_name =~ "Xilinx PYNQ-Z1 003017AD430FA" && level==0} -index 1
fpga -file D:/Work/Hobby_proj/spectrum_analyzer/vitis_workspace/sw_spectrum/_ide/bitstream/design_1_wrapper.bit
targets -set -nocase -filter {name =~"APU*"}
loadhw -hw D:/Work/Hobby_proj/spectrum_analyzer/vitis_workspace/design_1_wrapper_1/export/design_1_wrapper_1/hw/design_1_wrapper.xsa -mem-ranges [list {0x40000000 0xbfffffff}]
configparams force-mem-access 1
targets -set -nocase -filter {name =~"APU*"}
source D:/Work/Hobby_proj/spectrum_analyzer/vitis_workspace/sw_spectrum/_ide/psinit/ps7_init.tcl
ps7_init
ps7_post_config
targets -set -nocase -filter {name =~ "*A9*#0"}
dow D:/Work/Hobby_proj/spectrum_analyzer/vitis_workspace/sw_spectrum/Debug/sw_spectrum.elf
configparams force-mem-access 0
----------------End of Script----------------

03:53:49 INFO  : Memory regions updated for context APU
03:53:49 INFO  : Context for processor 'ps7_cortexa9_0' is selected.
03:53:49 INFO  : 'con' command is executed.
03:53:49 INFO  : ----------------XSDB Script (After Launch)----------------
targets -set -nocase -filter {name =~ "*A9*#0"}
con
----------------End of Script----------------

03:53:49 INFO  : Launch script is exported to file 'D:\Work\Hobby_proj\spectrum_analyzer\vitis_workspace\.sdk\launch_scripts\single_application_debug\run_sw_spectrum.tcl'
03:56:07 INFO  : Checking for BSP changes to sync application flags for project 'sw_spectrum'...
03:56:12 INFO  : Disconnected from the channel tcfchan#18.
03:56:13 INFO  : Connected to target on host '127.0.0.1' and port '3121'.
03:56:13 INFO  : Jtag cable 'Xilinx PYNQ-Z1 003017AD430FA' is selected.
03:56:13 INFO  : 'jtag frequency' command is executed.
03:56:13 INFO  : Context for 'APU' is selected.
03:56:13 INFO  : System reset is completed.
03:56:16 INFO  : 'after 3000' command is executed.
03:56:16 INFO  : 'targets -set -filter {jtag_cable_name =~ "Xilinx PYNQ-Z1 003017AD430FA" && level==0} -index 1' command is executed.
03:56:19 INFO  : FPGA configured successfully with bitstream "D:/Work/Hobby_proj/spectrum_analyzer/vitis_workspace/sw_spectrum/_ide/bitstream/design_1_wrapper.bit"
03:56:19 INFO  : Context for 'APU' is selected.
03:56:19 INFO  : Hardware design information is loaded from 'D:/Work/Hobby_proj/spectrum_analyzer/vitis_workspace/design_1_wrapper_1/export/design_1_wrapper_1/hw/design_1_wrapper.xsa'.
03:56:19 INFO  : 'configparams force-mem-access 1' command is executed.
03:56:19 INFO  : Context for 'APU' is selected.
03:56:19 INFO  : Sourcing of 'D:/Work/Hobby_proj/spectrum_analyzer/vitis_workspace/sw_spectrum/_ide/psinit/ps7_init.tcl' is done.
03:56:19 INFO  : 'ps7_init' command is executed.
03:56:19 INFO  : 'ps7_post_config' command is executed.
03:56:19 INFO  : Context for processor 'ps7_cortexa9_0' is selected.
03:56:19 INFO  : The application 'D:/Work/Hobby_proj/spectrum_analyzer/vitis_workspace/sw_spectrum/Debug/sw_spectrum.elf' is downloaded to processor 'ps7_cortexa9_0'.
03:56:19 INFO  : 'configparams force-mem-access 0' command is executed.
03:56:19 INFO  : ----------------XSDB Script----------------
connect -url tcp:127.0.0.1:3121
targets -set -nocase -filter {name =~"APU*"}
rst -system
after 3000
targets -set -filter {jtag_cable_name =~ "Xilinx PYNQ-Z1 003017AD430FA" && level==0} -index 1
fpga -file D:/Work/Hobby_proj/spectrum_analyzer/vitis_workspace/sw_spectrum/_ide/bitstream/design_1_wrapper.bit
targets -set -nocase -filter {name =~"APU*"}
loadhw -hw D:/Work/Hobby_proj/spectrum_analyzer/vitis_workspace/design_1_wrapper_1/export/design_1_wrapper_1/hw/design_1_wrapper.xsa -mem-ranges [list {0x40000000 0xbfffffff}]
configparams force-mem-access 1
targets -set -nocase -filter {name =~"APU*"}
source D:/Work/Hobby_proj/spectrum_analyzer/vitis_workspace/sw_spectrum/_ide/psinit/ps7_init.tcl
ps7_init
ps7_post_config
targets -set -nocase -filter {name =~ "*A9*#0"}
dow D:/Work/Hobby_proj/spectrum_analyzer/vitis_workspace/sw_spectrum/Debug/sw_spectrum.elf
configparams force-mem-access 0
----------------End of Script----------------

03:56:19 INFO  : Memory regions updated for context APU
03:56:19 INFO  : Context for processor 'ps7_cortexa9_0' is selected.
03:56:19 INFO  : 'con' command is executed.
03:56:19 INFO  : ----------------XSDB Script (After Launch)----------------
targets -set -nocase -filter {name =~ "*A9*#0"}
con
----------------End of Script----------------

03:56:19 INFO  : Launch script is exported to file 'D:\Work\Hobby_proj\spectrum_analyzer\vitis_workspace\.sdk\launch_scripts\single_application_debug\run_sw_spectrum.tcl'
04:27:00 INFO  : Disconnected from the channel tcfchan#20.
02:22:14 INFO  : Launching XSCT server: xsct.bat -n  -interactive D:\Work\Hobby_proj\spectrum_analyzer\vitis_workspace\temp_xsdb_launch_script.tcl
02:22:16 INFO  : XSCT server has started successfully.
02:22:16 INFO  : plnx-install-location is set to ''
02:22:16 INFO  : Successfully done setting XSCT server connection channel  
02:22:16 INFO  : Successfully done setting workspace for the tool. 
02:22:17 INFO  : Registering command handlers for Vitis TCF services
02:22:19 INFO  : Successfully done query RDI_DATADIR 
02:22:37 INFO  : Hardware specification for platform project 'design_1_wrapper_1' is updated.
02:23:31 INFO  : Checking for BSP changes to sync application flags for project 'sw_spectrum'...
02:23:33 INFO  : Updating application flags with new BSP settings...
02:23:33 INFO  : Successfully updated application flags for project sw_spectrum.
02:23:34 INFO  : The hardware specfication used by project 'sw_spectrum' is out of sync with the platform. Resource files extracted from the hardware specfiication will be updated.
02:23:34 INFO  : The file 'D:\Work\Hobby_proj\spectrum_analyzer\vitis_workspace\sw_spectrum\_ide\bitstream\design_1_wrapper.bit' stored in project is removed.
02:23:34 INFO  : The updated bitstream files are copied from platform to folder 'D:\Work\Hobby_proj\spectrum_analyzer\vitis_workspace\sw_spectrum\_ide\bitstream' in project 'sw_spectrum'.
02:23:34 INFO  : The file 'D:\Work\Hobby_proj\spectrum_analyzer\vitis_workspace\sw_spectrum\_ide\psinit\ps7_init.tcl' stored in project is removed.
02:23:37 INFO  : The updated ps init files are copied from platform to folder 'D:\Work\Hobby_proj\spectrum_analyzer\vitis_workspace\sw_spectrum\_ide\psinit' in project 'sw_spectrum'.
02:24:34 INFO  : Checking for BSP changes to sync application flags for project 'sw_spectrum'...
02:27:49 INFO  : Checking for BSP changes to sync application flags for project 'sw_spectrum'...
02:30:47 INFO  : Checking for BSP changes to sync application flags for project 'sw_spectrum'...
02:30:50 INFO  : Connected to target on host '127.0.0.1' and port '3121'.
02:30:50 INFO  : Jtag cable 'Xilinx PYNQ-Z1 003017AD430FA' is selected.
02:30:50 INFO  : 'jtag frequency' command is executed.
02:30:50 INFO  : Context for 'APU' is selected.
02:30:50 INFO  : System reset is completed.
02:30:53 INFO  : 'after 3000' command is executed.
02:30:53 INFO  : 'targets -set -filter {jtag_cable_name =~ "Xilinx PYNQ-Z1 003017AD430FA" && level==0} -index 1' command is executed.
02:30:56 INFO  : FPGA configured successfully with bitstream "D:/Work/Hobby_proj/spectrum_analyzer/vitis_workspace/sw_spectrum/_ide/bitstream/design_1_wrapper.bit"
02:30:56 INFO  : Context for 'APU' is selected.
02:30:56 INFO  : Hardware design information is loaded from 'D:/Work/Hobby_proj/spectrum_analyzer/vitis_workspace/design_1_wrapper_1/export/design_1_wrapper_1/hw/design_1_wrapper.xsa'.
02:30:56 INFO  : 'configparams force-mem-access 1' command is executed.
02:30:56 INFO  : Context for 'APU' is selected.
02:30:56 INFO  : Sourcing of 'D:/Work/Hobby_proj/spectrum_analyzer/vitis_workspace/sw_spectrum/_ide/psinit/ps7_init.tcl' is done.
02:30:56 INFO  : 'ps7_init' command is executed.
02:30:56 INFO  : 'ps7_post_config' command is executed.
02:30:56 INFO  : Context for processor 'ps7_cortexa9_0' is selected.
02:30:56 INFO  : The application 'D:/Work/Hobby_proj/spectrum_analyzer/vitis_workspace/sw_spectrum/Debug/sw_spectrum.elf' is downloaded to processor 'ps7_cortexa9_0'.
02:30:56 INFO  : 'configparams force-mem-access 0' command is executed.
02:30:56 INFO  : ----------------XSDB Script----------------
connect -url tcp:127.0.0.1:3121
targets -set -nocase -filter {name =~"APU*"}
rst -system
after 3000
targets -set -filter {jtag_cable_name =~ "Xilinx PYNQ-Z1 003017AD430FA" && level==0} -index 1
fpga -file D:/Work/Hobby_proj/spectrum_analyzer/vitis_workspace/sw_spectrum/_ide/bitstream/design_1_wrapper.bit
targets -set -nocase -filter {name =~"APU*"}
loadhw -hw D:/Work/Hobby_proj/spectrum_analyzer/vitis_workspace/design_1_wrapper_1/export/design_1_wrapper_1/hw/design_1_wrapper.xsa -mem-ranges [list {0x40000000 0xbfffffff}]
configparams force-mem-access 1
targets -set -nocase -filter {name =~"APU*"}
source D:/Work/Hobby_proj/spectrum_analyzer/vitis_workspace/sw_spectrum/_ide/psinit/ps7_init.tcl
ps7_init
ps7_post_config
targets -set -nocase -filter {name =~ "*A9*#0"}
dow D:/Work/Hobby_proj/spectrum_analyzer/vitis_workspace/sw_spectrum/Debug/sw_spectrum.elf
configparams force-mem-access 0
----------------End of Script----------------

02:30:56 INFO  : Memory regions updated for context APU
02:30:56 INFO  : Context for processor 'ps7_cortexa9_0' is selected.
02:30:56 INFO  : 'con' command is executed.
02:30:56 INFO  : ----------------XSDB Script (After Launch)----------------
targets -set -nocase -filter {name =~ "*A9*#0"}
con
----------------End of Script----------------

02:30:56 INFO  : Launch script is exported to file 'D:\Work\Hobby_proj\spectrum_analyzer\vitis_workspace\.sdk\launch_scripts\single_application_debug\run_sw_spectrum.tcl'
03:20:58 INFO  : Hardware specification for platform project 'design_1_wrapper_1' is updated.
03:21:38 INFO  : Checking for BSP changes to sync application flags for project 'sw_spectrum'...
03:21:41 INFO  : The hardware specfication used by project 'sw_spectrum' is out of sync with the platform. Resource files extracted from the hardware specfiication will be updated.
03:21:41 INFO  : The file 'D:\Work\Hobby_proj\spectrum_analyzer\vitis_workspace\sw_spectrum\_ide\bitstream\design_1_wrapper.bit' stored in project is removed.
03:21:41 INFO  : The updated bitstream files are copied from platform to folder 'D:\Work\Hobby_proj\spectrum_analyzer\vitis_workspace\sw_spectrum\_ide\bitstream' in project 'sw_spectrum'.
03:21:41 INFO  : The file 'D:\Work\Hobby_proj\spectrum_analyzer\vitis_workspace\sw_spectrum\_ide\psinit\ps7_init.tcl' stored in project is removed.
03:21:44 INFO  : The updated ps init files are copied from platform to folder 'D:\Work\Hobby_proj\spectrum_analyzer\vitis_workspace\sw_spectrum\_ide\psinit' in project 'sw_spectrum'.
03:21:48 INFO  : Checking for BSP changes to sync application flags for project 'sw_spectrum'...
03:21:49 INFO  : Disconnected from the channel tcfchan#6.
03:21:50 INFO  : Connected to target on host '127.0.0.1' and port '3121'.
03:21:50 INFO  : Jtag cable 'Xilinx PYNQ-Z1 003017AD430FA' is selected.
03:21:50 INFO  : 'jtag frequency' command is executed.
03:21:50 INFO  : Context for 'APU' is selected.
03:21:50 INFO  : System reset is completed.
03:21:53 INFO  : 'after 3000' command is executed.
03:21:53 INFO  : 'targets -set -filter {jtag_cable_name =~ "Xilinx PYNQ-Z1 003017AD430FA" && level==0} -index 1' command is executed.
03:21:55 INFO  : FPGA configured successfully with bitstream "D:/Work/Hobby_proj/spectrum_analyzer/vitis_workspace/sw_spectrum/_ide/bitstream/design_1_wrapper.bit"
03:21:55 INFO  : Context for 'APU' is selected.
03:21:55 INFO  : Hardware design information is loaded from 'D:/Work/Hobby_proj/spectrum_analyzer/vitis_workspace/design_1_wrapper_1/export/design_1_wrapper_1/hw/design_1_wrapper.xsa'.
03:21:55 INFO  : 'configparams force-mem-access 1' command is executed.
03:21:55 INFO  : Context for 'APU' is selected.
03:21:55 INFO  : Sourcing of 'D:/Work/Hobby_proj/spectrum_analyzer/vitis_workspace/sw_spectrum/_ide/psinit/ps7_init.tcl' is done.
03:21:56 INFO  : 'ps7_init' command is executed.
03:21:56 INFO  : 'ps7_post_config' command is executed.
03:21:56 INFO  : Context for processor 'ps7_cortexa9_0' is selected.
03:21:56 INFO  : The application 'D:/Work/Hobby_proj/spectrum_analyzer/vitis_workspace/sw_spectrum/Debug/sw_spectrum.elf' is downloaded to processor 'ps7_cortexa9_0'.
03:21:56 INFO  : 'configparams force-mem-access 0' command is executed.
03:21:56 INFO  : ----------------XSDB Script----------------
connect -url tcp:127.0.0.1:3121
targets -set -nocase -filter {name =~"APU*"}
rst -system
after 3000
targets -set -filter {jtag_cable_name =~ "Xilinx PYNQ-Z1 003017AD430FA" && level==0} -index 1
fpga -file D:/Work/Hobby_proj/spectrum_analyzer/vitis_workspace/sw_spectrum/_ide/bitstream/design_1_wrapper.bit
targets -set -nocase -filter {name =~"APU*"}
loadhw -hw D:/Work/Hobby_proj/spectrum_analyzer/vitis_workspace/design_1_wrapper_1/export/design_1_wrapper_1/hw/design_1_wrapper.xsa -mem-ranges [list {0x40000000 0xbfffffff}]
configparams force-mem-access 1
targets -set -nocase -filter {name =~"APU*"}
source D:/Work/Hobby_proj/spectrum_analyzer/vitis_workspace/sw_spectrum/_ide/psinit/ps7_init.tcl
ps7_init
ps7_post_config
targets -set -nocase -filter {name =~ "*A9*#0"}
dow D:/Work/Hobby_proj/spectrum_analyzer/vitis_workspace/sw_spectrum/Debug/sw_spectrum.elf
configparams force-mem-access 0
----------------End of Script----------------

03:21:56 INFO  : Memory regions updated for context APU
03:21:56 INFO  : Context for processor 'ps7_cortexa9_0' is selected.
03:21:56 INFO  : 'con' command is executed.
03:21:56 INFO  : ----------------XSDB Script (After Launch)----------------
targets -set -nocase -filter {name =~ "*A9*#0"}
con
----------------End of Script----------------

03:21:56 INFO  : Launch script is exported to file 'D:\Work\Hobby_proj\spectrum_analyzer\vitis_workspace\.sdk\launch_scripts\single_application_debug\run_sw_spectrum.tcl'
03:23:36 INFO  : Checking for BSP changes to sync application flags for project 'sw_spectrum'...
03:23:41 INFO  : Checking for BSP changes to sync application flags for project 'sw_spectrum'...
03:23:55 INFO  : Checking for BSP changes to sync application flags for project 'sw_spectrum'...
03:24:00 INFO  : Checking for BSP changes to sync application flags for project 'sw_spectrum'...
03:24:01 INFO  : Disconnected from the channel tcfchan#10.
03:24:02 INFO  : Connected to target on host '127.0.0.1' and port '3121'.
03:24:02 INFO  : Jtag cable 'Xilinx PYNQ-Z1 003017AD430FA' is selected.
03:24:02 INFO  : 'jtag frequency' command is executed.
03:24:02 INFO  : Context for 'APU' is selected.
03:24:02 INFO  : System reset is completed.
03:24:05 INFO  : 'after 3000' command is executed.
03:24:05 INFO  : 'targets -set -filter {jtag_cable_name =~ "Xilinx PYNQ-Z1 003017AD430FA" && level==0} -index 1' command is executed.
03:24:07 INFO  : FPGA configured successfully with bitstream "D:/Work/Hobby_proj/spectrum_analyzer/vitis_workspace/sw_spectrum/_ide/bitstream/design_1_wrapper.bit"
03:24:07 INFO  : Context for 'APU' is selected.
03:24:07 INFO  : Hardware design information is loaded from 'D:/Work/Hobby_proj/spectrum_analyzer/vitis_workspace/design_1_wrapper_1/export/design_1_wrapper_1/hw/design_1_wrapper.xsa'.
03:24:07 INFO  : 'configparams force-mem-access 1' command is executed.
03:24:07 INFO  : Context for 'APU' is selected.
03:24:07 INFO  : Sourcing of 'D:/Work/Hobby_proj/spectrum_analyzer/vitis_workspace/sw_spectrum/_ide/psinit/ps7_init.tcl' is done.
03:24:08 INFO  : 'ps7_init' command is executed.
03:24:08 INFO  : 'ps7_post_config' command is executed.
03:24:08 INFO  : Context for processor 'ps7_cortexa9_0' is selected.
03:24:08 INFO  : The application 'D:/Work/Hobby_proj/spectrum_analyzer/vitis_workspace/sw_spectrum/Debug/sw_spectrum.elf' is downloaded to processor 'ps7_cortexa9_0'.
03:24:08 INFO  : 'configparams force-mem-access 0' command is executed.
03:24:08 INFO  : ----------------XSDB Script----------------
connect -url tcp:127.0.0.1:3121
targets -set -nocase -filter {name =~"APU*"}
rst -system
after 3000
targets -set -filter {jtag_cable_name =~ "Xilinx PYNQ-Z1 003017AD430FA" && level==0} -index 1
fpga -file D:/Work/Hobby_proj/spectrum_analyzer/vitis_workspace/sw_spectrum/_ide/bitstream/design_1_wrapper.bit
targets -set -nocase -filter {name =~"APU*"}
loadhw -hw D:/Work/Hobby_proj/spectrum_analyzer/vitis_workspace/design_1_wrapper_1/export/design_1_wrapper_1/hw/design_1_wrapper.xsa -mem-ranges [list {0x40000000 0xbfffffff}]
configparams force-mem-access 1
targets -set -nocase -filter {name =~"APU*"}
source D:/Work/Hobby_proj/spectrum_analyzer/vitis_workspace/sw_spectrum/_ide/psinit/ps7_init.tcl
ps7_init
ps7_post_config
targets -set -nocase -filter {name =~ "*A9*#0"}
dow D:/Work/Hobby_proj/spectrum_analyzer/vitis_workspace/sw_spectrum/Debug/sw_spectrum.elf
configparams force-mem-access 0
----------------End of Script----------------

03:24:08 INFO  : Memory regions updated for context APU
03:24:08 INFO  : Context for processor 'ps7_cortexa9_0' is selected.
03:24:08 INFO  : 'con' command is executed.
03:24:08 INFO  : ----------------XSDB Script (After Launch)----------------
targets -set -nocase -filter {name =~ "*A9*#0"}
con
----------------End of Script----------------

03:24:08 INFO  : Launch script is exported to file 'D:\Work\Hobby_proj\spectrum_analyzer\vitis_workspace\.sdk\launch_scripts\single_application_debug\run_sw_spectrum.tcl'
03:26:42 INFO  : Checking for BSP changes to sync application flags for project 'sw_spectrum'...
03:26:49 INFO  : Checking for BSP changes to sync application flags for project 'sw_spectrum'...
03:26:50 INFO  : Disconnected from the channel tcfchan#14.
03:26:51 INFO  : Connected to target on host '127.0.0.1' and port '3121'.
03:26:52 INFO  : Jtag cable 'Xilinx PYNQ-Z1 003017AD430FA' is selected.
03:26:52 INFO  : 'jtag frequency' command is executed.
03:26:52 INFO  : Context for 'APU' is selected.
03:26:52 INFO  : System reset is completed.
03:26:55 INFO  : 'after 3000' command is executed.
03:26:55 INFO  : 'targets -set -filter {jtag_cable_name =~ "Xilinx PYNQ-Z1 003017AD430FA" && level==0} -index 1' command is executed.
03:26:57 INFO  : FPGA configured successfully with bitstream "D:/Work/Hobby_proj/spectrum_analyzer/vitis_workspace/sw_spectrum/_ide/bitstream/design_1_wrapper.bit"
03:26:57 INFO  : Context for 'APU' is selected.
03:26:57 INFO  : Hardware design information is loaded from 'D:/Work/Hobby_proj/spectrum_analyzer/vitis_workspace/design_1_wrapper_1/export/design_1_wrapper_1/hw/design_1_wrapper.xsa'.
03:26:57 INFO  : 'configparams force-mem-access 1' command is executed.
03:26:57 INFO  : Context for 'APU' is selected.
03:26:57 INFO  : Sourcing of 'D:/Work/Hobby_proj/spectrum_analyzer/vitis_workspace/sw_spectrum/_ide/psinit/ps7_init.tcl' is done.
03:26:57 INFO  : 'ps7_init' command is executed.
03:26:57 INFO  : 'ps7_post_config' command is executed.
03:26:57 INFO  : Context for processor 'ps7_cortexa9_0' is selected.
03:26:57 INFO  : The application 'D:/Work/Hobby_proj/spectrum_analyzer/vitis_workspace/sw_spectrum/Debug/sw_spectrum.elf' is downloaded to processor 'ps7_cortexa9_0'.
03:26:57 INFO  : 'configparams force-mem-access 0' command is executed.
03:26:57 INFO  : ----------------XSDB Script----------------
connect -url tcp:127.0.0.1:3121
targets -set -nocase -filter {name =~"APU*"}
rst -system
after 3000
targets -set -filter {jtag_cable_name =~ "Xilinx PYNQ-Z1 003017AD430FA" && level==0} -index 1
fpga -file D:/Work/Hobby_proj/spectrum_analyzer/vitis_workspace/sw_spectrum/_ide/bitstream/design_1_wrapper.bit
targets -set -nocase -filter {name =~"APU*"}
loadhw -hw D:/Work/Hobby_proj/spectrum_analyzer/vitis_workspace/design_1_wrapper_1/export/design_1_wrapper_1/hw/design_1_wrapper.xsa -mem-ranges [list {0x40000000 0xbfffffff}]
configparams force-mem-access 1
targets -set -nocase -filter {name =~"APU*"}
source D:/Work/Hobby_proj/spectrum_analyzer/vitis_workspace/sw_spectrum/_ide/psinit/ps7_init.tcl
ps7_init
ps7_post_config
targets -set -nocase -filter {name =~ "*A9*#0"}
dow D:/Work/Hobby_proj/spectrum_analyzer/vitis_workspace/sw_spectrum/Debug/sw_spectrum.elf
configparams force-mem-access 0
----------------End of Script----------------

03:26:58 INFO  : Memory regions updated for context APU
03:26:58 INFO  : Context for processor 'ps7_cortexa9_0' is selected.
03:26:58 INFO  : 'con' command is executed.
03:26:58 INFO  : ----------------XSDB Script (After Launch)----------------
targets -set -nocase -filter {name =~ "*A9*#0"}
con
----------------End of Script----------------

03:26:58 INFO  : Launch script is exported to file 'D:\Work\Hobby_proj\spectrum_analyzer\vitis_workspace\.sdk\launch_scripts\single_application_debug\run_sw_spectrum.tcl'
03:32:12 INFO  : Checking for BSP changes to sync application flags for project 'sw_spectrum'...
03:32:20 INFO  : Checking for BSP changes to sync application flags for project 'sw_spectrum'...
03:32:20 INFO  : Disconnected from the channel tcfchan#16.
03:32:21 INFO  : Connected to target on host '127.0.0.1' and port '3121'.
03:32:22 INFO  : Jtag cable 'Xilinx PYNQ-Z1 003017AD430FA' is selected.
03:32:22 INFO  : 'jtag frequency' command is executed.
03:32:22 INFO  : Context for 'APU' is selected.
03:32:22 INFO  : System reset is completed.
03:32:25 INFO  : 'after 3000' command is executed.
03:32:25 INFO  : 'targets -set -filter {jtag_cable_name =~ "Xilinx PYNQ-Z1 003017AD430FA" && level==0} -index 1' command is executed.
03:32:27 INFO  : FPGA configured successfully with bitstream "D:/Work/Hobby_proj/spectrum_analyzer/vitis_workspace/sw_spectrum/_ide/bitstream/design_1_wrapper.bit"
03:32:27 INFO  : Context for 'APU' is selected.
03:32:27 INFO  : Hardware design information is loaded from 'D:/Work/Hobby_proj/spectrum_analyzer/vitis_workspace/design_1_wrapper_1/export/design_1_wrapper_1/hw/design_1_wrapper.xsa'.
03:32:27 INFO  : 'configparams force-mem-access 1' command is executed.
03:32:27 INFO  : Context for 'APU' is selected.
03:32:27 INFO  : Sourcing of 'D:/Work/Hobby_proj/spectrum_analyzer/vitis_workspace/sw_spectrum/_ide/psinit/ps7_init.tcl' is done.
03:32:27 INFO  : 'ps7_init' command is executed.
03:32:27 INFO  : 'ps7_post_config' command is executed.
03:32:27 INFO  : Context for processor 'ps7_cortexa9_0' is selected.
03:32:28 INFO  : The application 'D:/Work/Hobby_proj/spectrum_analyzer/vitis_workspace/sw_spectrum/Debug/sw_spectrum.elf' is downloaded to processor 'ps7_cortexa9_0'.
03:32:28 INFO  : 'configparams force-mem-access 0' command is executed.
03:32:28 INFO  : ----------------XSDB Script----------------
connect -url tcp:127.0.0.1:3121
targets -set -nocase -filter {name =~"APU*"}
rst -system
after 3000
targets -set -filter {jtag_cable_name =~ "Xilinx PYNQ-Z1 003017AD430FA" && level==0} -index 1
fpga -file D:/Work/Hobby_proj/spectrum_analyzer/vitis_workspace/sw_spectrum/_ide/bitstream/design_1_wrapper.bit
targets -set -nocase -filter {name =~"APU*"}
loadhw -hw D:/Work/Hobby_proj/spectrum_analyzer/vitis_workspace/design_1_wrapper_1/export/design_1_wrapper_1/hw/design_1_wrapper.xsa -mem-ranges [list {0x40000000 0xbfffffff}]
configparams force-mem-access 1
targets -set -nocase -filter {name =~"APU*"}
source D:/Work/Hobby_proj/spectrum_analyzer/vitis_workspace/sw_spectrum/_ide/psinit/ps7_init.tcl
ps7_init
ps7_post_config
targets -set -nocase -filter {name =~ "*A9*#0"}
dow D:/Work/Hobby_proj/spectrum_analyzer/vitis_workspace/sw_spectrum/Debug/sw_spectrum.elf
configparams force-mem-access 0
----------------End of Script----------------

03:32:28 INFO  : Memory regions updated for context APU
03:32:28 INFO  : Context for processor 'ps7_cortexa9_0' is selected.
03:32:28 INFO  : 'con' command is executed.
03:32:28 INFO  : ----------------XSDB Script (After Launch)----------------
targets -set -nocase -filter {name =~ "*A9*#0"}
con
----------------End of Script----------------

03:32:28 INFO  : Launch script is exported to file 'D:\Work\Hobby_proj\spectrum_analyzer\vitis_workspace\.sdk\launch_scripts\single_application_debug\run_sw_spectrum.tcl'
03:34:27 INFO  : Checking for BSP changes to sync application flags for project 'sw_spectrum'...
03:34:28 INFO  : Disconnected from the channel tcfchan#18.
03:34:29 INFO  : Connected to target on host '127.0.0.1' and port '3121'.
03:34:29 INFO  : Jtag cable 'Xilinx PYNQ-Z1 003017AD430FA' is selected.
03:34:29 INFO  : 'jtag frequency' command is executed.
03:34:29 INFO  : Context for 'APU' is selected.
03:34:29 INFO  : System reset is completed.
03:34:29 INFO  : Checking for BSP changes to sync application flags for project 'sw_spectrum'...
03:34:32 INFO  : 'after 3000' command is executed.
03:34:32 INFO  : 'targets -set -filter {jtag_cable_name =~ "Xilinx PYNQ-Z1 003017AD430FA" && level==0} -index 1' command is executed.
03:34:35 INFO  : FPGA configured successfully with bitstream "D:/Work/Hobby_proj/spectrum_analyzer/vitis_workspace/sw_spectrum/_ide/bitstream/design_1_wrapper.bit"
03:34:35 INFO  : Context for 'APU' is selected.
03:34:35 INFO  : Hardware design information is loaded from 'D:/Work/Hobby_proj/spectrum_analyzer/vitis_workspace/design_1_wrapper_1/export/design_1_wrapper_1/hw/design_1_wrapper.xsa'.
03:34:35 INFO  : 'configparams force-mem-access 1' command is executed.
03:34:35 INFO  : Context for 'APU' is selected.
03:34:35 INFO  : Sourcing of 'D:/Work/Hobby_proj/spectrum_analyzer/vitis_workspace/sw_spectrum/_ide/psinit/ps7_init.tcl' is done.
03:34:35 INFO  : 'ps7_init' command is executed.
03:34:35 INFO  : 'ps7_post_config' command is executed.
03:34:35 INFO  : Context for processor 'ps7_cortexa9_0' is selected.
03:34:35 INFO  : The application 'D:/Work/Hobby_proj/spectrum_analyzer/vitis_workspace/sw_spectrum/Debug/sw_spectrum.elf' is downloaded to processor 'ps7_cortexa9_0'.
03:34:35 INFO  : 'configparams force-mem-access 0' command is executed.
03:34:35 INFO  : ----------------XSDB Script----------------
connect -url tcp:127.0.0.1:3121
targets -set -nocase -filter {name =~"APU*"}
rst -system
after 3000
targets -set -filter {jtag_cable_name =~ "Xilinx PYNQ-Z1 003017AD430FA" && level==0} -index 1
fpga -file D:/Work/Hobby_proj/spectrum_analyzer/vitis_workspace/sw_spectrum/_ide/bitstream/design_1_wrapper.bit
targets -set -nocase -filter {name =~"APU*"}
loadhw -hw D:/Work/Hobby_proj/spectrum_analyzer/vitis_workspace/design_1_wrapper_1/export/design_1_wrapper_1/hw/design_1_wrapper.xsa -mem-ranges [list {0x40000000 0xbfffffff}]
configparams force-mem-access 1
targets -set -nocase -filter {name =~"APU*"}
source D:/Work/Hobby_proj/spectrum_analyzer/vitis_workspace/sw_spectrum/_ide/psinit/ps7_init.tcl
ps7_init
ps7_post_config
targets -set -nocase -filter {name =~ "*A9*#0"}
dow D:/Work/Hobby_proj/spectrum_analyzer/vitis_workspace/sw_spectrum/Debug/sw_spectrum.elf
configparams force-mem-access 0
----------------End of Script----------------

03:34:35 INFO  : Memory regions updated for context APU
03:34:35 INFO  : Context for processor 'ps7_cortexa9_0' is selected.
03:34:35 INFO  : 'con' command is executed.
03:34:35 INFO  : ----------------XSDB Script (After Launch)----------------
targets -set -nocase -filter {name =~ "*A9*#0"}
con
----------------End of Script----------------

03:34:35 INFO  : Launch script is exported to file 'D:\Work\Hobby_proj\spectrum_analyzer\vitis_workspace\.sdk\launch_scripts\single_application_debug\run_sw_spectrum.tcl'
03:34:41 INFO  : Checking for BSP changes to sync application flags for project 'sw_spectrum'...
03:34:46 INFO  : Checking for BSP changes to sync application flags for project 'sw_spectrum'...
03:34:47 INFO  : Disconnected from the channel tcfchan#19.
03:34:48 INFO  : Connected to target on host '127.0.0.1' and port '3121'.
03:34:48 INFO  : Jtag cable 'Xilinx PYNQ-Z1 003017AD430FA' is selected.
03:34:48 INFO  : 'jtag frequency' command is executed.
03:34:48 INFO  : Context for 'APU' is selected.
03:34:48 INFO  : System reset is completed.
03:34:51 INFO  : 'after 3000' command is executed.
03:34:51 INFO  : 'targets -set -filter {jtag_cable_name =~ "Xilinx PYNQ-Z1 003017AD430FA" && level==0} -index 1' command is executed.
03:34:53 INFO  : FPGA configured successfully with bitstream "D:/Work/Hobby_proj/spectrum_analyzer/vitis_workspace/sw_spectrum/_ide/bitstream/design_1_wrapper.bit"
03:34:53 INFO  : Context for 'APU' is selected.
03:34:53 INFO  : Hardware design information is loaded from 'D:/Work/Hobby_proj/spectrum_analyzer/vitis_workspace/design_1_wrapper_1/export/design_1_wrapper_1/hw/design_1_wrapper.xsa'.
03:34:53 INFO  : 'configparams force-mem-access 1' command is executed.
03:34:53 INFO  : Context for 'APU' is selected.
03:34:53 INFO  : Sourcing of 'D:/Work/Hobby_proj/spectrum_analyzer/vitis_workspace/sw_spectrum/_ide/psinit/ps7_init.tcl' is done.
03:34:54 INFO  : 'ps7_init' command is executed.
03:34:54 INFO  : 'ps7_post_config' command is executed.
03:34:54 INFO  : Context for processor 'ps7_cortexa9_0' is selected.
03:34:54 INFO  : The application 'D:/Work/Hobby_proj/spectrum_analyzer/vitis_workspace/sw_spectrum/Debug/sw_spectrum.elf' is downloaded to processor 'ps7_cortexa9_0'.
03:34:54 INFO  : 'configparams force-mem-access 0' command is executed.
03:34:54 INFO  : ----------------XSDB Script----------------
connect -url tcp:127.0.0.1:3121
targets -set -nocase -filter {name =~"APU*"}
rst -system
after 3000
targets -set -filter {jtag_cable_name =~ "Xilinx PYNQ-Z1 003017AD430FA" && level==0} -index 1
fpga -file D:/Work/Hobby_proj/spectrum_analyzer/vitis_workspace/sw_spectrum/_ide/bitstream/design_1_wrapper.bit
targets -set -nocase -filter {name =~"APU*"}
loadhw -hw D:/Work/Hobby_proj/spectrum_analyzer/vitis_workspace/design_1_wrapper_1/export/design_1_wrapper_1/hw/design_1_wrapper.xsa -mem-ranges [list {0x40000000 0xbfffffff}]
configparams force-mem-access 1
targets -set -nocase -filter {name =~"APU*"}
source D:/Work/Hobby_proj/spectrum_analyzer/vitis_workspace/sw_spectrum/_ide/psinit/ps7_init.tcl
ps7_init
ps7_post_config
targets -set -nocase -filter {name =~ "*A9*#0"}
dow D:/Work/Hobby_proj/spectrum_analyzer/vitis_workspace/sw_spectrum/Debug/sw_spectrum.elf
configparams force-mem-access 0
----------------End of Script----------------

03:34:54 INFO  : Memory regions updated for context APU
03:34:54 INFO  : Context for processor 'ps7_cortexa9_0' is selected.
03:34:54 INFO  : 'con' command is executed.
03:34:54 INFO  : ----------------XSDB Script (After Launch)----------------
targets -set -nocase -filter {name =~ "*A9*#0"}
con
----------------End of Script----------------

03:34:54 INFO  : Launch script is exported to file 'D:\Work\Hobby_proj\spectrum_analyzer\vitis_workspace\.sdk\launch_scripts\single_application_debug\run_sw_spectrum.tcl'
03:51:42 INFO  : Hardware specification for platform project 'design_1_wrapper_1' is updated.
03:54:11 INFO  : Checking for BSP changes to sync application flags for project 'sw_spectrum'...
03:54:13 INFO  : The hardware specfication used by project 'sw_spectrum' is out of sync with the platform. Resource files extracted from the hardware specfiication will be updated.
03:54:13 INFO  : The file 'D:\Work\Hobby_proj\spectrum_analyzer\vitis_workspace\sw_spectrum\_ide\bitstream\design_1_wrapper.bit' stored in project is removed.
03:54:13 INFO  : The updated bitstream files are copied from platform to folder 'D:\Work\Hobby_proj\spectrum_analyzer\vitis_workspace\sw_spectrum\_ide\bitstream' in project 'sw_spectrum'.
03:54:13 INFO  : The file 'D:\Work\Hobby_proj\spectrum_analyzer\vitis_workspace\sw_spectrum\_ide\psinit\ps7_init.tcl' stored in project is removed.
03:54:17 INFO  : The updated ps init files are copied from platform to folder 'D:\Work\Hobby_proj\spectrum_analyzer\vitis_workspace\sw_spectrum\_ide\psinit' in project 'sw_spectrum'.
03:54:55 INFO  : Checking for BSP changes to sync application flags for project 'sw_spectrum'...
03:54:56 INFO  : Disconnected from the channel tcfchan#22.
03:54:57 INFO  : Connected to target on host '127.0.0.1' and port '3121'.
03:54:57 INFO  : Jtag cable 'Xilinx PYNQ-Z1 003017AD430FA' is selected.
03:54:57 INFO  : 'jtag frequency' command is executed.
03:54:57 INFO  : Context for 'APU' is selected.
03:54:57 INFO  : System reset is completed.
03:55:00 INFO  : 'after 3000' command is executed.
03:55:00 INFO  : 'targets -set -filter {jtag_cable_name =~ "Xilinx PYNQ-Z1 003017AD430FA" && level==0} -index 1' command is executed.
03:55:02 INFO  : FPGA configured successfully with bitstream "D:/Work/Hobby_proj/spectrum_analyzer/vitis_workspace/sw_spectrum/_ide/bitstream/design_1_wrapper.bit"
03:55:02 INFO  : Context for 'APU' is selected.
03:55:03 INFO  : Hardware design information is loaded from 'D:/Work/Hobby_proj/spectrum_analyzer/vitis_workspace/design_1_wrapper_1/export/design_1_wrapper_1/hw/design_1_wrapper.xsa'.
03:55:03 INFO  : 'configparams force-mem-access 1' command is executed.
03:55:03 INFO  : Context for 'APU' is selected.
03:55:03 INFO  : Sourcing of 'D:/Work/Hobby_proj/spectrum_analyzer/vitis_workspace/sw_spectrum/_ide/psinit/ps7_init.tcl' is done.
03:55:03 INFO  : 'ps7_init' command is executed.
03:55:03 INFO  : 'ps7_post_config' command is executed.
03:55:03 INFO  : Context for processor 'ps7_cortexa9_0' is selected.
03:55:03 INFO  : The application 'D:/Work/Hobby_proj/spectrum_analyzer/vitis_workspace/sw_spectrum/Debug/sw_spectrum.elf' is downloaded to processor 'ps7_cortexa9_0'.
03:55:03 INFO  : 'configparams force-mem-access 0' command is executed.
03:55:03 INFO  : ----------------XSDB Script----------------
connect -url tcp:127.0.0.1:3121
targets -set -nocase -filter {name =~"APU*"}
rst -system
after 3000
targets -set -filter {jtag_cable_name =~ "Xilinx PYNQ-Z1 003017AD430FA" && level==0} -index 1
fpga -file D:/Work/Hobby_proj/spectrum_analyzer/vitis_workspace/sw_spectrum/_ide/bitstream/design_1_wrapper.bit
targets -set -nocase -filter {name =~"APU*"}
loadhw -hw D:/Work/Hobby_proj/spectrum_analyzer/vitis_workspace/design_1_wrapper_1/export/design_1_wrapper_1/hw/design_1_wrapper.xsa -mem-ranges [list {0x40000000 0xbfffffff}]
configparams force-mem-access 1
targets -set -nocase -filter {name =~"APU*"}
source D:/Work/Hobby_proj/spectrum_analyzer/vitis_workspace/sw_spectrum/_ide/psinit/ps7_init.tcl
ps7_init
ps7_post_config
targets -set -nocase -filter {name =~ "*A9*#0"}
dow D:/Work/Hobby_proj/spectrum_analyzer/vitis_workspace/sw_spectrum/Debug/sw_spectrum.elf
configparams force-mem-access 0
----------------End of Script----------------

03:55:03 INFO  : Memory regions updated for context APU
03:55:03 INFO  : Context for processor 'ps7_cortexa9_0' is selected.
03:55:03 INFO  : 'con' command is executed.
03:55:03 INFO  : ----------------XSDB Script (After Launch)----------------
targets -set -nocase -filter {name =~ "*A9*#0"}
con
----------------End of Script----------------

03:55:03 INFO  : Launch script is exported to file 'D:\Work\Hobby_proj\spectrum_analyzer\vitis_workspace\.sdk\launch_scripts\single_application_debug\run_sw_spectrum.tcl'
03:58:07 INFO  : Checking for BSP changes to sync application flags for project 'sw_spectrum'...
03:58:08 INFO  : Disconnected from the channel tcfchan#26.
03:58:09 INFO  : Connected to target on host '127.0.0.1' and port '3121'.
03:58:09 INFO  : Jtag cable 'Xilinx PYNQ-Z1 003017AD430FA' is selected.
03:58:09 INFO  : 'jtag frequency' command is executed.
03:58:09 INFO  : Context for 'APU' is selected.
03:58:09 INFO  : System reset is completed.
03:58:12 INFO  : 'after 3000' command is executed.
03:58:12 INFO  : 'targets -set -filter {jtag_cable_name =~ "Xilinx PYNQ-Z1 003017AD430FA" && level==0} -index 1' command is executed.
03:58:14 INFO  : FPGA configured successfully with bitstream "D:/Work/Hobby_proj/spectrum_analyzer/vitis_workspace/sw_spectrum/_ide/bitstream/design_1_wrapper.bit"
03:58:14 INFO  : Context for 'APU' is selected.
03:58:14 INFO  : Hardware design information is loaded from 'D:/Work/Hobby_proj/spectrum_analyzer/vitis_workspace/design_1_wrapper_1/export/design_1_wrapper_1/hw/design_1_wrapper.xsa'.
03:58:14 INFO  : 'configparams force-mem-access 1' command is executed.
03:58:14 INFO  : Context for 'APU' is selected.
03:58:14 INFO  : Sourcing of 'D:/Work/Hobby_proj/spectrum_analyzer/vitis_workspace/sw_spectrum/_ide/psinit/ps7_init.tcl' is done.
03:58:15 INFO  : 'ps7_init' command is executed.
03:58:15 INFO  : 'ps7_post_config' command is executed.
03:58:15 INFO  : Context for processor 'ps7_cortexa9_0' is selected.
03:58:15 INFO  : The application 'D:/Work/Hobby_proj/spectrum_analyzer/vitis_workspace/sw_spectrum/Debug/sw_spectrum.elf' is downloaded to processor 'ps7_cortexa9_0'.
03:58:15 INFO  : 'configparams force-mem-access 0' command is executed.
03:58:15 INFO  : ----------------XSDB Script----------------
connect -url tcp:127.0.0.1:3121
targets -set -nocase -filter {name =~"APU*"}
rst -system
after 3000
targets -set -filter {jtag_cable_name =~ "Xilinx PYNQ-Z1 003017AD430FA" && level==0} -index 1
fpga -file D:/Work/Hobby_proj/spectrum_analyzer/vitis_workspace/sw_spectrum/_ide/bitstream/design_1_wrapper.bit
targets -set -nocase -filter {name =~"APU*"}
loadhw -hw D:/Work/Hobby_proj/spectrum_analyzer/vitis_workspace/design_1_wrapper_1/export/design_1_wrapper_1/hw/design_1_wrapper.xsa -mem-ranges [list {0x40000000 0xbfffffff}]
configparams force-mem-access 1
targets -set -nocase -filter {name =~"APU*"}
source D:/Work/Hobby_proj/spectrum_analyzer/vitis_workspace/sw_spectrum/_ide/psinit/ps7_init.tcl
ps7_init
ps7_post_config
targets -set -nocase -filter {name =~ "*A9*#0"}
dow D:/Work/Hobby_proj/spectrum_analyzer/vitis_workspace/sw_spectrum/Debug/sw_spectrum.elf
configparams force-mem-access 0
----------------End of Script----------------

03:58:15 INFO  : Memory regions updated for context APU
03:58:15 INFO  : Context for processor 'ps7_cortexa9_0' is selected.
03:58:15 INFO  : 'con' command is executed.
03:58:15 INFO  : ----------------XSDB Script (After Launch)----------------
targets -set -nocase -filter {name =~ "*A9*#0"}
con
----------------End of Script----------------

03:58:15 INFO  : Launch script is exported to file 'D:\Work\Hobby_proj\spectrum_analyzer\vitis_workspace\.sdk\launch_scripts\single_application_debug\run_sw_spectrum.tcl'
04:22:42 INFO  : Disconnected from the channel tcfchan#27.
23:51:45 INFO  : Launching XSCT server: xsct.bat -n  -interactive D:\Work\Hobby_proj\spectrum_analyzer\vitis_workspace\temp_xsdb_launch_script.tcl
23:51:48 INFO  : XSCT server has started successfully.
23:51:48 INFO  : plnx-install-location is set to ''
23:51:48 INFO  : Successfully done setting XSCT server connection channel  
23:51:48 INFO  : Successfully done setting workspace for the tool. 
23:51:50 INFO  : Registering command handlers for Vitis TCF services
23:51:54 INFO  : Successfully done query RDI_DATADIR 
00:15:26 INFO  : Hardware specification for platform project 'design_1_wrapper_1' is updated.
00:31:47 INFO  : Checking for BSP changes to sync application flags for project 'sw_spectrum'...
00:31:49 INFO  : Updating application flags with new BSP settings...
00:31:49 INFO  : Successfully updated application flags for project sw_spectrum.
00:31:50 INFO  : The hardware specfication used by project 'sw_spectrum' is out of sync with the platform. Resource files extracted from the hardware specfiication will be updated.
00:31:50 INFO  : The file 'D:\Work\Hobby_proj\spectrum_analyzer\vitis_workspace\sw_spectrum\_ide\bitstream\design_1_wrapper.bit' stored in project is removed.
00:31:50 INFO  : The updated bitstream files are copied from platform to folder 'D:\Work\Hobby_proj\spectrum_analyzer\vitis_workspace\sw_spectrum\_ide\bitstream' in project 'sw_spectrum'.
00:31:50 INFO  : The file 'D:\Work\Hobby_proj\spectrum_analyzer\vitis_workspace\sw_spectrum\_ide\psinit\ps7_init.tcl' stored in project is removed.
00:31:54 INFO  : The updated ps init files are copied from platform to folder 'D:\Work\Hobby_proj\spectrum_analyzer\vitis_workspace\sw_spectrum\_ide\psinit' in project 'sw_spectrum'.
00:34:06 INFO  : Checking for BSP changes to sync application flags for project 'sw_spectrum'...
00:34:29 INFO  : Checking for BSP changes to sync application flags for project 'sw_spectrum'...
00:35:12 INFO  : Checking for BSP changes to sync application flags for project 'sw_spectrum'...
00:35:27 INFO  : Checking for BSP changes to sync application flags for project 'sw_spectrum'...
00:36:11 INFO  : Checking for BSP changes to sync application flags for project 'sw_spectrum'...
00:36:55 INFO  : Checking for BSP changes to sync application flags for project 'sw_spectrum'...
00:37:35 INFO  : Checking for BSP changes to sync application flags for project 'sw_spectrum'...
00:37:39 INFO  : Connected to target on host '127.0.0.1' and port '3121'.
00:37:39 INFO  : Jtag cable 'Xilinx PYNQ-Z1 003017AD430FA' is selected.
00:37:39 INFO  : 'jtag frequency' command is executed.
00:37:39 INFO  : Context for 'APU' is selected.
00:37:39 INFO  : System reset is completed.
00:37:42 INFO  : 'after 3000' command is executed.
00:37:43 INFO  : 'targets -set -filter {jtag_cable_name =~ "Xilinx PYNQ-Z1 003017AD430FA" && level==0} -index 1' command is executed.
00:37:45 INFO  : FPGA configured successfully with bitstream "D:/Work/Hobby_proj/spectrum_analyzer/vitis_workspace/sw_spectrum/_ide/bitstream/design_1_wrapper.bit"
00:37:45 INFO  : Context for 'APU' is selected.
00:37:45 INFO  : Hardware design information is loaded from 'D:/Work/Hobby_proj/spectrum_analyzer/vitis_workspace/design_1_wrapper_1/export/design_1_wrapper_1/hw/design_1_wrapper.xsa'.
00:37:45 INFO  : 'configparams force-mem-access 1' command is executed.
00:37:45 INFO  : Context for 'APU' is selected.
00:37:45 INFO  : Sourcing of 'D:/Work/Hobby_proj/spectrum_analyzer/vitis_workspace/sw_spectrum/_ide/psinit/ps7_init.tcl' is done.
00:37:46 INFO  : 'ps7_init' command is executed.
00:37:46 INFO  : 'ps7_post_config' command is executed.
00:37:46 INFO  : Context for processor 'ps7_cortexa9_0' is selected.
00:37:46 INFO  : The application 'D:/Work/Hobby_proj/spectrum_analyzer/vitis_workspace/sw_spectrum/Debug/sw_spectrum.elf' is downloaded to processor 'ps7_cortexa9_0'.
00:37:46 INFO  : 'configparams force-mem-access 0' command is executed.
00:37:46 INFO  : ----------------XSDB Script----------------
connect -url tcp:127.0.0.1:3121
targets -set -nocase -filter {name =~"APU*"}
rst -system
after 3000
targets -set -filter {jtag_cable_name =~ "Xilinx PYNQ-Z1 003017AD430FA" && level==0} -index 1
fpga -file D:/Work/Hobby_proj/spectrum_analyzer/vitis_workspace/sw_spectrum/_ide/bitstream/design_1_wrapper.bit
targets -set -nocase -filter {name =~"APU*"}
loadhw -hw D:/Work/Hobby_proj/spectrum_analyzer/vitis_workspace/design_1_wrapper_1/export/design_1_wrapper_1/hw/design_1_wrapper.xsa -mem-ranges [list {0x40000000 0xbfffffff}]
configparams force-mem-access 1
targets -set -nocase -filter {name =~"APU*"}
source D:/Work/Hobby_proj/spectrum_analyzer/vitis_workspace/sw_spectrum/_ide/psinit/ps7_init.tcl
ps7_init
ps7_post_config
targets -set -nocase -filter {name =~ "*A9*#0"}
dow D:/Work/Hobby_proj/spectrum_analyzer/vitis_workspace/sw_spectrum/Debug/sw_spectrum.elf
configparams force-mem-access 0
----------------End of Script----------------

00:37:46 INFO  : Memory regions updated for context APU
00:37:46 INFO  : Context for processor 'ps7_cortexa9_0' is selected.
00:37:46 INFO  : 'con' command is executed.
00:37:46 INFO  : ----------------XSDB Script (After Launch)----------------
targets -set -nocase -filter {name =~ "*A9*#0"}
con
----------------End of Script----------------

00:37:46 INFO  : Launch script is exported to file 'D:\Work\Hobby_proj\spectrum_analyzer\vitis_workspace\.sdk\launch_scripts\single_application_debug\run_sw_spectrum.tcl'
00:50:04 INFO  : Checking for BSP changes to sync application flags for project 'sw_spectrum'...
00:50:15 INFO  : Checking for BSP changes to sync application flags for project 'sw_spectrum'...
00:50:21 INFO  : Checking for BSP changes to sync application flags for project 'sw_spectrum'...
00:50:22 INFO  : Disconnected from the channel tcfchan#9.
00:50:23 INFO  : Connected to target on host '127.0.0.1' and port '3121'.
00:50:23 INFO  : Jtag cable 'Xilinx PYNQ-Z1 003017AD430FA' is selected.
00:50:23 INFO  : 'jtag frequency' command is executed.
00:50:23 INFO  : Context for 'APU' is selected.
00:50:23 INFO  : System reset is completed.
00:50:26 INFO  : 'after 3000' command is executed.
00:50:26 INFO  : 'targets -set -filter {jtag_cable_name =~ "Xilinx PYNQ-Z1 003017AD430FA" && level==0} -index 1' command is executed.
00:50:28 INFO  : FPGA configured successfully with bitstream "D:/Work/Hobby_proj/spectrum_analyzer/vitis_workspace/sw_spectrum/_ide/bitstream/design_1_wrapper.bit"
00:50:28 INFO  : Context for 'APU' is selected.
00:50:28 INFO  : Hardware design information is loaded from 'D:/Work/Hobby_proj/spectrum_analyzer/vitis_workspace/design_1_wrapper_1/export/design_1_wrapper_1/hw/design_1_wrapper.xsa'.
00:50:28 INFO  : 'configparams force-mem-access 1' command is executed.
00:50:28 INFO  : Context for 'APU' is selected.
00:50:28 INFO  : Sourcing of 'D:/Work/Hobby_proj/spectrum_analyzer/vitis_workspace/sw_spectrum/_ide/psinit/ps7_init.tcl' is done.
00:50:29 INFO  : 'ps7_init' command is executed.
00:50:29 INFO  : 'ps7_post_config' command is executed.
00:50:29 INFO  : Context for processor 'ps7_cortexa9_0' is selected.
00:50:29 INFO  : The application 'D:/Work/Hobby_proj/spectrum_analyzer/vitis_workspace/sw_spectrum/Debug/sw_spectrum.elf' is downloaded to processor 'ps7_cortexa9_0'.
00:50:29 INFO  : 'configparams force-mem-access 0' command is executed.
00:50:29 INFO  : ----------------XSDB Script----------------
connect -url tcp:127.0.0.1:3121
targets -set -nocase -filter {name =~"APU*"}
rst -system
after 3000
targets -set -filter {jtag_cable_name =~ "Xilinx PYNQ-Z1 003017AD430FA" && level==0} -index 1
fpga -file D:/Work/Hobby_proj/spectrum_analyzer/vitis_workspace/sw_spectrum/_ide/bitstream/design_1_wrapper.bit
targets -set -nocase -filter {name =~"APU*"}
loadhw -hw D:/Work/Hobby_proj/spectrum_analyzer/vitis_workspace/design_1_wrapper_1/export/design_1_wrapper_1/hw/design_1_wrapper.xsa -mem-ranges [list {0x40000000 0xbfffffff}]
configparams force-mem-access 1
targets -set -nocase -filter {name =~"APU*"}
source D:/Work/Hobby_proj/spectrum_analyzer/vitis_workspace/sw_spectrum/_ide/psinit/ps7_init.tcl
ps7_init
ps7_post_config
targets -set -nocase -filter {name =~ "*A9*#0"}
dow D:/Work/Hobby_proj/spectrum_analyzer/vitis_workspace/sw_spectrum/Debug/sw_spectrum.elf
configparams force-mem-access 0
----------------End of Script----------------

00:50:29 INFO  : Memory regions updated for context APU
00:50:29 INFO  : Context for processor 'ps7_cortexa9_0' is selected.
00:50:29 INFO  : 'con' command is executed.
00:50:29 INFO  : ----------------XSDB Script (After Launch)----------------
targets -set -nocase -filter {name =~ "*A9*#0"}
con
----------------End of Script----------------

00:50:29 INFO  : Launch script is exported to file 'D:\Work\Hobby_proj\spectrum_analyzer\vitis_workspace\.sdk\launch_scripts\single_application_debug\run_sw_spectrum.tcl'
00:50:48 INFO  : Checking for BSP changes to sync application flags for project 'sw_spectrum'...
00:53:30 INFO  : Checking for BSP changes to sync application flags for project 'sw_spectrum'...
00:57:42 INFO  : Checking for BSP changes to sync application flags for project 'sw_spectrum'...
00:57:51 INFO  : Checking for BSP changes to sync application flags for project 'sw_spectrum'...
00:58:09 INFO  : Checking for BSP changes to sync application flags for project 'sw_spectrum'...
00:58:20 INFO  : Checking for BSP changes to sync application flags for project 'sw_spectrum'...
00:58:21 INFO  : Disconnected from the channel tcfchan#12.
00:58:22 INFO  : Connected to target on host '127.0.0.1' and port '3121'.
00:58:22 INFO  : Jtag cable 'Xilinx PYNQ-Z1 003017AD430FA' is selected.
00:58:22 INFO  : 'jtag frequency' command is executed.
00:58:22 INFO  : Context for 'APU' is selected.
00:58:22 INFO  : System reset is completed.
00:58:24 INFO  : Checking for BSP changes to sync application flags for project 'sw_spectrum'...
00:58:25 INFO  : 'after 3000' command is executed.
00:58:25 INFO  : 'targets -set -filter {jtag_cable_name =~ "Xilinx PYNQ-Z1 003017AD430FA" && level==0} -index 1' command is executed.
00:58:27 INFO  : FPGA configured successfully with bitstream "D:/Work/Hobby_proj/spectrum_analyzer/vitis_workspace/sw_spectrum/_ide/bitstream/design_1_wrapper.bit"
00:58:27 INFO  : Context for 'APU' is selected.
00:58:27 INFO  : Hardware design information is loaded from 'D:/Work/Hobby_proj/spectrum_analyzer/vitis_workspace/design_1_wrapper_1/export/design_1_wrapper_1/hw/design_1_wrapper.xsa'.
00:58:27 INFO  : 'configparams force-mem-access 1' command is executed.
00:58:27 INFO  : Context for 'APU' is selected.
00:58:27 INFO  : Sourcing of 'D:/Work/Hobby_proj/spectrum_analyzer/vitis_workspace/sw_spectrum/_ide/psinit/ps7_init.tcl' is done.
00:58:28 INFO  : 'ps7_init' command is executed.
00:58:28 INFO  : 'ps7_post_config' command is executed.
00:58:28 INFO  : Context for processor 'ps7_cortexa9_0' is selected.
00:58:28 INFO  : The application 'D:/Work/Hobby_proj/spectrum_analyzer/vitis_workspace/sw_spectrum/Debug/sw_spectrum.elf' is downloaded to processor 'ps7_cortexa9_0'.
00:58:28 INFO  : 'configparams force-mem-access 0' command is executed.
00:58:28 INFO  : ----------------XSDB Script----------------
connect -url tcp:127.0.0.1:3121
targets -set -nocase -filter {name =~"APU*"}
rst -system
after 3000
targets -set -filter {jtag_cable_name =~ "Xilinx PYNQ-Z1 003017AD430FA" && level==0} -index 1
fpga -file D:/Work/Hobby_proj/spectrum_analyzer/vitis_workspace/sw_spectrum/_ide/bitstream/design_1_wrapper.bit
targets -set -nocase -filter {name =~"APU*"}
loadhw -hw D:/Work/Hobby_proj/spectrum_analyzer/vitis_workspace/design_1_wrapper_1/export/design_1_wrapper_1/hw/design_1_wrapper.xsa -mem-ranges [list {0x40000000 0xbfffffff}]
configparams force-mem-access 1
targets -set -nocase -filter {name =~"APU*"}
source D:/Work/Hobby_proj/spectrum_analyzer/vitis_workspace/sw_spectrum/_ide/psinit/ps7_init.tcl
ps7_init
ps7_post_config
targets -set -nocase -filter {name =~ "*A9*#0"}
dow D:/Work/Hobby_proj/spectrum_analyzer/vitis_workspace/sw_spectrum/Debug/sw_spectrum.elf
configparams force-mem-access 0
----------------End of Script----------------

00:58:28 INFO  : Memory regions updated for context APU
00:58:28 INFO  : Context for processor 'ps7_cortexa9_0' is selected.
00:58:28 INFO  : 'con' command is executed.
00:58:28 INFO  : ----------------XSDB Script (After Launch)----------------
targets -set -nocase -filter {name =~ "*A9*#0"}
con
----------------End of Script----------------

00:58:28 INFO  : Launch script is exported to file 'D:\Work\Hobby_proj\spectrum_analyzer\vitis_workspace\.sdk\launch_scripts\single_application_debug\run_sw_spectrum.tcl'
01:08:13 INFO  : Checking for BSP changes to sync application flags for project 'sw_spectrum'...
01:08:20 INFO  : Checking for BSP changes to sync application flags for project 'sw_spectrum'...
01:08:21 INFO  : Disconnected from the channel tcfchan#18.
01:08:22 INFO  : Connected to target on host '127.0.0.1' and port '3121'.
01:08:22 INFO  : Jtag cable 'Xilinx PYNQ-Z1 003017AD430FA' is selected.
01:08:22 INFO  : 'jtag frequency' command is executed.
01:08:22 INFO  : Context for 'APU' is selected.
01:08:22 INFO  : System reset is completed.
01:08:25 INFO  : 'after 3000' command is executed.
01:08:25 INFO  : 'targets -set -filter {jtag_cable_name =~ "Xilinx PYNQ-Z1 003017AD430FA" && level==0} -index 1' command is executed.
01:08:28 INFO  : FPGA configured successfully with bitstream "D:/Work/Hobby_proj/spectrum_analyzer/vitis_workspace/sw_spectrum/_ide/bitstream/design_1_wrapper.bit"
01:08:28 INFO  : Context for 'APU' is selected.
01:08:28 INFO  : Hardware design information is loaded from 'D:/Work/Hobby_proj/spectrum_analyzer/vitis_workspace/design_1_wrapper_1/export/design_1_wrapper_1/hw/design_1_wrapper.xsa'.
01:08:28 INFO  : 'configparams force-mem-access 1' command is executed.
01:08:28 INFO  : Context for 'APU' is selected.
01:08:28 INFO  : Sourcing of 'D:/Work/Hobby_proj/spectrum_analyzer/vitis_workspace/sw_spectrum/_ide/psinit/ps7_init.tcl' is done.
01:08:28 INFO  : 'ps7_init' command is executed.
01:08:28 INFO  : 'ps7_post_config' command is executed.
01:08:28 INFO  : Context for processor 'ps7_cortexa9_0' is selected.
01:08:28 INFO  : The application 'D:/Work/Hobby_proj/spectrum_analyzer/vitis_workspace/sw_spectrum/Debug/sw_spectrum.elf' is downloaded to processor 'ps7_cortexa9_0'.
01:08:28 INFO  : 'configparams force-mem-access 0' command is executed.
01:08:28 INFO  : ----------------XSDB Script----------------
connect -url tcp:127.0.0.1:3121
targets -set -nocase -filter {name =~"APU*"}
rst -system
after 3000
targets -set -filter {jtag_cable_name =~ "Xilinx PYNQ-Z1 003017AD430FA" && level==0} -index 1
fpga -file D:/Work/Hobby_proj/spectrum_analyzer/vitis_workspace/sw_spectrum/_ide/bitstream/design_1_wrapper.bit
targets -set -nocase -filter {name =~"APU*"}
loadhw -hw D:/Work/Hobby_proj/spectrum_analyzer/vitis_workspace/design_1_wrapper_1/export/design_1_wrapper_1/hw/design_1_wrapper.xsa -mem-ranges [list {0x40000000 0xbfffffff}]
configparams force-mem-access 1
targets -set -nocase -filter {name =~"APU*"}
source D:/Work/Hobby_proj/spectrum_analyzer/vitis_workspace/sw_spectrum/_ide/psinit/ps7_init.tcl
ps7_init
ps7_post_config
targets -set -nocase -filter {name =~ "*A9*#0"}
dow D:/Work/Hobby_proj/spectrum_analyzer/vitis_workspace/sw_spectrum/Debug/sw_spectrum.elf
configparams force-mem-access 0
----------------End of Script----------------

01:08:28 INFO  : Memory regions updated for context APU
01:08:28 INFO  : Context for processor 'ps7_cortexa9_0' is selected.
01:08:28 INFO  : 'con' command is executed.
01:08:28 INFO  : ----------------XSDB Script (After Launch)----------------
targets -set -nocase -filter {name =~ "*A9*#0"}
con
----------------End of Script----------------

01:08:28 INFO  : Launch script is exported to file 'D:\Work\Hobby_proj\spectrum_analyzer\vitis_workspace\.sdk\launch_scripts\single_application_debug\run_sw_spectrum.tcl'
01:09:15 INFO  : Checking for BSP changes to sync application flags for project 'sw_spectrum'...
01:09:22 INFO  : Checking for BSP changes to sync application flags for project 'sw_spectrum'...
01:09:28 INFO  : Checking for BSP changes to sync application flags for project 'sw_spectrum'...
01:09:45 INFO  : Checking for BSP changes to sync application flags for project 'sw_spectrum'...
01:09:46 INFO  : Disconnected from the channel tcfchan#21.
01:09:47 INFO  : Connected to target on host '127.0.0.1' and port '3121'.
01:09:47 INFO  : Jtag cable 'Xilinx PYNQ-Z1 003017AD430FA' is selected.
01:09:47 INFO  : 'jtag frequency' command is executed.
01:09:47 INFO  : Context for 'APU' is selected.
01:09:47 INFO  : System reset is completed.
01:09:50 INFO  : 'after 3000' command is executed.
01:09:50 INFO  : 'targets -set -filter {jtag_cable_name =~ "Xilinx PYNQ-Z1 003017AD430FA" && level==0} -index 1' command is executed.
01:09:53 INFO  : FPGA configured successfully with bitstream "D:/Work/Hobby_proj/spectrum_analyzer/vitis_workspace/sw_spectrum/_ide/bitstream/design_1_wrapper.bit"
01:09:53 INFO  : Context for 'APU' is selected.
01:09:53 INFO  : Hardware design information is loaded from 'D:/Work/Hobby_proj/spectrum_analyzer/vitis_workspace/design_1_wrapper_1/export/design_1_wrapper_1/hw/design_1_wrapper.xsa'.
01:09:53 INFO  : 'configparams force-mem-access 1' command is executed.
01:09:53 INFO  : Context for 'APU' is selected.
01:09:53 INFO  : Sourcing of 'D:/Work/Hobby_proj/spectrum_analyzer/vitis_workspace/sw_spectrum/_ide/psinit/ps7_init.tcl' is done.
01:09:53 INFO  : 'ps7_init' command is executed.
01:09:53 INFO  : 'ps7_post_config' command is executed.
01:09:53 INFO  : Context for processor 'ps7_cortexa9_0' is selected.
01:09:53 INFO  : The application 'D:/Work/Hobby_proj/spectrum_analyzer/vitis_workspace/sw_spectrum/Debug/sw_spectrum.elf' is downloaded to processor 'ps7_cortexa9_0'.
01:09:53 INFO  : 'configparams force-mem-access 0' command is executed.
01:09:53 INFO  : ----------------XSDB Script----------------
connect -url tcp:127.0.0.1:3121
targets -set -nocase -filter {name =~"APU*"}
rst -system
after 3000
targets -set -filter {jtag_cable_name =~ "Xilinx PYNQ-Z1 003017AD430FA" && level==0} -index 1
fpga -file D:/Work/Hobby_proj/spectrum_analyzer/vitis_workspace/sw_spectrum/_ide/bitstream/design_1_wrapper.bit
targets -set -nocase -filter {name =~"APU*"}
loadhw -hw D:/Work/Hobby_proj/spectrum_analyzer/vitis_workspace/design_1_wrapper_1/export/design_1_wrapper_1/hw/design_1_wrapper.xsa -mem-ranges [list {0x40000000 0xbfffffff}]
configparams force-mem-access 1
targets -set -nocase -filter {name =~"APU*"}
source D:/Work/Hobby_proj/spectrum_analyzer/vitis_workspace/sw_spectrum/_ide/psinit/ps7_init.tcl
ps7_init
ps7_post_config
targets -set -nocase -filter {name =~ "*A9*#0"}
dow D:/Work/Hobby_proj/spectrum_analyzer/vitis_workspace/sw_spectrum/Debug/sw_spectrum.elf
configparams force-mem-access 0
----------------End of Script----------------

01:09:53 INFO  : Memory regions updated for context APU
01:09:53 INFO  : Context for processor 'ps7_cortexa9_0' is selected.
01:09:53 INFO  : 'con' command is executed.
01:09:53 INFO  : ----------------XSDB Script (After Launch)----------------
targets -set -nocase -filter {name =~ "*A9*#0"}
con
----------------End of Script----------------

01:09:53 INFO  : Launch script is exported to file 'D:\Work\Hobby_proj\spectrum_analyzer\vitis_workspace\.sdk\launch_scripts\single_application_debug\run_sw_spectrum.tcl'
01:10:21 INFO  : Checking for BSP changes to sync application flags for project 'sw_spectrum'...
01:10:22 INFO  : Disconnected from the channel tcfchan#25.
01:10:23 INFO  : Connected to target on host '127.0.0.1' and port '3121'.
01:10:23 INFO  : Jtag cable 'Xilinx PYNQ-Z1 003017AD430FA' is selected.
01:10:23 INFO  : 'jtag frequency' command is executed.
01:10:23 INFO  : Context for 'APU' is selected.
01:10:23 INFO  : System reset is completed.
01:10:26 INFO  : 'after 3000' command is executed.
01:10:26 INFO  : 'targets -set -filter {jtag_cable_name =~ "Xilinx PYNQ-Z1 003017AD430FA" && level==0} -index 1' command is executed.
01:10:28 INFO  : FPGA configured successfully with bitstream "D:/Work/Hobby_proj/spectrum_analyzer/vitis_workspace/sw_spectrum/_ide/bitstream/design_1_wrapper.bit"
01:10:28 INFO  : Context for 'APU' is selected.
01:10:28 INFO  : Hardware design information is loaded from 'D:/Work/Hobby_proj/spectrum_analyzer/vitis_workspace/design_1_wrapper_1/export/design_1_wrapper_1/hw/design_1_wrapper.xsa'.
01:10:28 INFO  : 'configparams force-mem-access 1' command is executed.
01:10:28 INFO  : Context for 'APU' is selected.
01:10:28 INFO  : Sourcing of 'D:/Work/Hobby_proj/spectrum_analyzer/vitis_workspace/sw_spectrum/_ide/psinit/ps7_init.tcl' is done.
01:10:29 INFO  : 'ps7_init' command is executed.
01:10:29 INFO  : 'ps7_post_config' command is executed.
01:10:29 INFO  : Context for processor 'ps7_cortexa9_0' is selected.
01:10:29 INFO  : The application 'D:/Work/Hobby_proj/spectrum_analyzer/vitis_workspace/sw_spectrum/Debug/sw_spectrum.elf' is downloaded to processor 'ps7_cortexa9_0'.
01:10:29 INFO  : 'configparams force-mem-access 0' command is executed.
01:10:29 INFO  : ----------------XSDB Script----------------
connect -url tcp:127.0.0.1:3121
targets -set -nocase -filter {name =~"APU*"}
rst -system
after 3000
targets -set -filter {jtag_cable_name =~ "Xilinx PYNQ-Z1 003017AD430FA" && level==0} -index 1
fpga -file D:/Work/Hobby_proj/spectrum_analyzer/vitis_workspace/sw_spectrum/_ide/bitstream/design_1_wrapper.bit
targets -set -nocase -filter {name =~"APU*"}
loadhw -hw D:/Work/Hobby_proj/spectrum_analyzer/vitis_workspace/design_1_wrapper_1/export/design_1_wrapper_1/hw/design_1_wrapper.xsa -mem-ranges [list {0x40000000 0xbfffffff}]
configparams force-mem-access 1
targets -set -nocase -filter {name =~"APU*"}
source D:/Work/Hobby_proj/spectrum_analyzer/vitis_workspace/sw_spectrum/_ide/psinit/ps7_init.tcl
ps7_init
ps7_post_config
targets -set -nocase -filter {name =~ "*A9*#0"}
dow D:/Work/Hobby_proj/spectrum_analyzer/vitis_workspace/sw_spectrum/Debug/sw_spectrum.elf
configparams force-mem-access 0
----------------End of Script----------------

01:10:29 INFO  : Memory regions updated for context APU
01:10:29 INFO  : Context for processor 'ps7_cortexa9_0' is selected.
01:10:29 INFO  : 'con' command is executed.
01:10:29 INFO  : ----------------XSDB Script (After Launch)----------------
targets -set -nocase -filter {name =~ "*A9*#0"}
con
----------------End of Script----------------

01:10:29 INFO  : Launch script is exported to file 'D:\Work\Hobby_proj\spectrum_analyzer\vitis_workspace\.sdk\launch_scripts\single_application_debug\run_sw_spectrum.tcl'
01:12:28 INFO  : Checking for BSP changes to sync application flags for project 'sw_spectrum'...
01:12:40 INFO  : Checking for BSP changes to sync application flags for project 'sw_spectrum'...
01:12:41 INFO  : Disconnected from the channel tcfchan#26.
01:12:42 INFO  : Connected to target on host '127.0.0.1' and port '3121'.
01:12:42 INFO  : Jtag cable 'Xilinx PYNQ-Z1 003017AD430FA' is selected.
01:12:42 INFO  : 'jtag frequency' command is executed.
01:12:42 INFO  : Context for 'APU' is selected.
01:12:42 INFO  : System reset is completed.
01:12:45 INFO  : 'after 3000' command is executed.
01:12:45 INFO  : 'targets -set -filter {jtag_cable_name =~ "Xilinx PYNQ-Z1 003017AD430FA" && level==0} -index 1' command is executed.
01:12:48 INFO  : FPGA configured successfully with bitstream "D:/Work/Hobby_proj/spectrum_analyzer/vitis_workspace/sw_spectrum/_ide/bitstream/design_1_wrapper.bit"
01:12:48 INFO  : Context for 'APU' is selected.
01:12:48 INFO  : Hardware design information is loaded from 'D:/Work/Hobby_proj/spectrum_analyzer/vitis_workspace/design_1_wrapper_1/export/design_1_wrapper_1/hw/design_1_wrapper.xsa'.
01:12:48 INFO  : 'configparams force-mem-access 1' command is executed.
01:12:48 INFO  : Context for 'APU' is selected.
01:12:48 INFO  : Sourcing of 'D:/Work/Hobby_proj/spectrum_analyzer/vitis_workspace/sw_spectrum/_ide/psinit/ps7_init.tcl' is done.
01:12:48 INFO  : 'ps7_init' command is executed.
01:12:48 INFO  : 'ps7_post_config' command is executed.
01:12:48 INFO  : Context for processor 'ps7_cortexa9_0' is selected.
01:12:48 INFO  : The application 'D:/Work/Hobby_proj/spectrum_analyzer/vitis_workspace/sw_spectrum/Debug/sw_spectrum.elf' is downloaded to processor 'ps7_cortexa9_0'.
01:12:48 INFO  : 'configparams force-mem-access 0' command is executed.
01:12:48 INFO  : ----------------XSDB Script----------------
connect -url tcp:127.0.0.1:3121
targets -set -nocase -filter {name =~"APU*"}
rst -system
after 3000
targets -set -filter {jtag_cable_name =~ "Xilinx PYNQ-Z1 003017AD430FA" && level==0} -index 1
fpga -file D:/Work/Hobby_proj/spectrum_analyzer/vitis_workspace/sw_spectrum/_ide/bitstream/design_1_wrapper.bit
targets -set -nocase -filter {name =~"APU*"}
loadhw -hw D:/Work/Hobby_proj/spectrum_analyzer/vitis_workspace/design_1_wrapper_1/export/design_1_wrapper_1/hw/design_1_wrapper.xsa -mem-ranges [list {0x40000000 0xbfffffff}]
configparams force-mem-access 1
targets -set -nocase -filter {name =~"APU*"}
source D:/Work/Hobby_proj/spectrum_analyzer/vitis_workspace/sw_spectrum/_ide/psinit/ps7_init.tcl
ps7_init
ps7_post_config
targets -set -nocase -filter {name =~ "*A9*#0"}
dow D:/Work/Hobby_proj/spectrum_analyzer/vitis_workspace/sw_spectrum/Debug/sw_spectrum.elf
configparams force-mem-access 0
----------------End of Script----------------

01:12:48 INFO  : Memory regions updated for context APU
01:12:48 INFO  : Context for processor 'ps7_cortexa9_0' is selected.
01:12:48 INFO  : 'con' command is executed.
01:12:48 INFO  : ----------------XSDB Script (After Launch)----------------
targets -set -nocase -filter {name =~ "*A9*#0"}
con
----------------End of Script----------------

01:12:48 INFO  : Launch script is exported to file 'D:\Work\Hobby_proj\spectrum_analyzer\vitis_workspace\.sdk\launch_scripts\single_application_debug\run_sw_spectrum.tcl'
01:13:13 INFO  : Checking for BSP changes to sync application flags for project 'sw_spectrum'...
01:13:18 INFO  : Checking for BSP changes to sync application flags for project 'sw_spectrum'...
01:13:19 INFO  : Disconnected from the channel tcfchan#28.
01:13:20 INFO  : Connected to target on host '127.0.0.1' and port '3121'.
01:13:20 INFO  : Jtag cable 'Xilinx PYNQ-Z1 003017AD430FA' is selected.
01:13:20 INFO  : 'jtag frequency' command is executed.
01:13:20 INFO  : Context for 'APU' is selected.
01:13:20 INFO  : System reset is completed.
01:13:23 INFO  : 'after 3000' command is executed.
01:13:23 INFO  : 'targets -set -filter {jtag_cable_name =~ "Xilinx PYNQ-Z1 003017AD430FA" && level==0} -index 1' command is executed.
01:13:25 INFO  : FPGA configured successfully with bitstream "D:/Work/Hobby_proj/spectrum_analyzer/vitis_workspace/sw_spectrum/_ide/bitstream/design_1_wrapper.bit"
01:13:25 INFO  : Context for 'APU' is selected.
01:13:25 INFO  : Hardware design information is loaded from 'D:/Work/Hobby_proj/spectrum_analyzer/vitis_workspace/design_1_wrapper_1/export/design_1_wrapper_1/hw/design_1_wrapper.xsa'.
01:13:25 INFO  : 'configparams force-mem-access 1' command is executed.
01:13:25 INFO  : Context for 'APU' is selected.
01:13:25 INFO  : Sourcing of 'D:/Work/Hobby_proj/spectrum_analyzer/vitis_workspace/sw_spectrum/_ide/psinit/ps7_init.tcl' is done.
01:13:26 INFO  : 'ps7_init' command is executed.
01:13:26 INFO  : 'ps7_post_config' command is executed.
01:13:26 INFO  : Context for processor 'ps7_cortexa9_0' is selected.
01:13:26 INFO  : The application 'D:/Work/Hobby_proj/spectrum_analyzer/vitis_workspace/sw_spectrum/Debug/sw_spectrum.elf' is downloaded to processor 'ps7_cortexa9_0'.
01:13:26 INFO  : 'configparams force-mem-access 0' command is executed.
01:13:26 INFO  : ----------------XSDB Script----------------
connect -url tcp:127.0.0.1:3121
targets -set -nocase -filter {name =~"APU*"}
rst -system
after 3000
targets -set -filter {jtag_cable_name =~ "Xilinx PYNQ-Z1 003017AD430FA" && level==0} -index 1
fpga -file D:/Work/Hobby_proj/spectrum_analyzer/vitis_workspace/sw_spectrum/_ide/bitstream/design_1_wrapper.bit
targets -set -nocase -filter {name =~"APU*"}
loadhw -hw D:/Work/Hobby_proj/spectrum_analyzer/vitis_workspace/design_1_wrapper_1/export/design_1_wrapper_1/hw/design_1_wrapper.xsa -mem-ranges [list {0x40000000 0xbfffffff}]
configparams force-mem-access 1
targets -set -nocase -filter {name =~"APU*"}
source D:/Work/Hobby_proj/spectrum_analyzer/vitis_workspace/sw_spectrum/_ide/psinit/ps7_init.tcl
ps7_init
ps7_post_config
targets -set -nocase -filter {name =~ "*A9*#0"}
dow D:/Work/Hobby_proj/spectrum_analyzer/vitis_workspace/sw_spectrum/Debug/sw_spectrum.elf
configparams force-mem-access 0
----------------End of Script----------------

01:13:26 INFO  : Memory regions updated for context APU
01:13:26 INFO  : Context for processor 'ps7_cortexa9_0' is selected.
01:13:26 INFO  : 'con' command is executed.
01:13:26 INFO  : ----------------XSDB Script (After Launch)----------------
targets -set -nocase -filter {name =~ "*A9*#0"}
con
----------------End of Script----------------

01:13:26 INFO  : Launch script is exported to file 'D:\Work\Hobby_proj\spectrum_analyzer\vitis_workspace\.sdk\launch_scripts\single_application_debug\run_sw_spectrum.tcl'
01:17:38 INFO  : Checking for BSP changes to sync application flags for project 'sw_spectrum'...
01:17:48 INFO  : Checking for BSP changes to sync application flags for project 'sw_spectrum'...
01:18:00 INFO  : Checking for BSP changes to sync application flags for project 'sw_spectrum'...
01:18:01 INFO  : Disconnected from the channel tcfchan#30.
01:18:02 INFO  : Connected to target on host '127.0.0.1' and port '3121'.
01:18:02 INFO  : Jtag cable 'Xilinx PYNQ-Z1 003017AD430FA' is selected.
01:18:02 INFO  : 'jtag frequency' command is executed.
01:18:02 INFO  : Context for 'APU' is selected.
01:18:02 INFO  : System reset is completed.
01:18:05 INFO  : 'after 3000' command is executed.
01:18:05 INFO  : 'targets -set -filter {jtag_cable_name =~ "Xilinx PYNQ-Z1 003017AD430FA" && level==0} -index 1' command is executed.
01:18:07 INFO  : FPGA configured successfully with bitstream "D:/Work/Hobby_proj/spectrum_analyzer/vitis_workspace/sw_spectrum/_ide/bitstream/design_1_wrapper.bit"
01:18:07 INFO  : Context for 'APU' is selected.
01:18:07 INFO  : Hardware design information is loaded from 'D:/Work/Hobby_proj/spectrum_analyzer/vitis_workspace/design_1_wrapper_1/export/design_1_wrapper_1/hw/design_1_wrapper.xsa'.
01:18:07 INFO  : 'configparams force-mem-access 1' command is executed.
01:18:07 INFO  : Context for 'APU' is selected.
01:18:07 INFO  : Sourcing of 'D:/Work/Hobby_proj/spectrum_analyzer/vitis_workspace/sw_spectrum/_ide/psinit/ps7_init.tcl' is done.
01:18:07 INFO  : 'ps7_init' command is executed.
01:18:07 INFO  : 'ps7_post_config' command is executed.
01:18:07 INFO  : Context for processor 'ps7_cortexa9_0' is selected.
01:18:08 INFO  : The application 'D:/Work/Hobby_proj/spectrum_analyzer/vitis_workspace/sw_spectrum/Debug/sw_spectrum.elf' is downloaded to processor 'ps7_cortexa9_0'.
01:18:08 INFO  : 'configparams force-mem-access 0' command is executed.
01:18:08 INFO  : ----------------XSDB Script----------------
connect -url tcp:127.0.0.1:3121
targets -set -nocase -filter {name =~"APU*"}
rst -system
after 3000
targets -set -filter {jtag_cable_name =~ "Xilinx PYNQ-Z1 003017AD430FA" && level==0} -index 1
fpga -file D:/Work/Hobby_proj/spectrum_analyzer/vitis_workspace/sw_spectrum/_ide/bitstream/design_1_wrapper.bit
targets -set -nocase -filter {name =~"APU*"}
loadhw -hw D:/Work/Hobby_proj/spectrum_analyzer/vitis_workspace/design_1_wrapper_1/export/design_1_wrapper_1/hw/design_1_wrapper.xsa -mem-ranges [list {0x40000000 0xbfffffff}]
configparams force-mem-access 1
targets -set -nocase -filter {name =~"APU*"}
source D:/Work/Hobby_proj/spectrum_analyzer/vitis_workspace/sw_spectrum/_ide/psinit/ps7_init.tcl
ps7_init
ps7_post_config
targets -set -nocase -filter {name =~ "*A9*#0"}
dow D:/Work/Hobby_proj/spectrum_analyzer/vitis_workspace/sw_spectrum/Debug/sw_spectrum.elf
configparams force-mem-access 0
----------------End of Script----------------

01:18:08 INFO  : Memory regions updated for context APU
01:18:08 INFO  : Context for processor 'ps7_cortexa9_0' is selected.
01:18:08 INFO  : 'con' command is executed.
01:18:08 INFO  : ----------------XSDB Script (After Launch)----------------
targets -set -nocase -filter {name =~ "*A9*#0"}
con
----------------End of Script----------------

01:18:08 INFO  : Launch script is exported to file 'D:\Work\Hobby_proj\spectrum_analyzer\vitis_workspace\.sdk\launch_scripts\single_application_debug\run_sw_spectrum.tcl'
01:26:12 INFO  : Checking for BSP changes to sync application flags for project 'sw_spectrum'...
01:26:17 INFO  : Checking for BSP changes to sync application flags for project 'sw_spectrum'...
01:26:18 INFO  : Disconnected from the channel tcfchan#33.
01:26:19 INFO  : Connected to target on host '127.0.0.1' and port '3121'.
01:26:19 INFO  : Jtag cable 'Xilinx PYNQ-Z1 003017AD430FA' is selected.
01:26:19 INFO  : 'jtag frequency' command is executed.
01:26:19 INFO  : Context for 'APU' is selected.
01:26:19 INFO  : System reset is completed.
01:26:22 INFO  : 'after 3000' command is executed.
01:26:22 INFO  : 'targets -set -filter {jtag_cable_name =~ "Xilinx PYNQ-Z1 003017AD430FA" && level==0} -index 1' command is executed.
01:26:25 INFO  : FPGA configured successfully with bitstream "D:/Work/Hobby_proj/spectrum_analyzer/vitis_workspace/sw_spectrum/_ide/bitstream/design_1_wrapper.bit"
01:26:25 INFO  : Context for 'APU' is selected.
01:26:25 INFO  : Hardware design information is loaded from 'D:/Work/Hobby_proj/spectrum_analyzer/vitis_workspace/design_1_wrapper_1/export/design_1_wrapper_1/hw/design_1_wrapper.xsa'.
01:26:25 INFO  : 'configparams force-mem-access 1' command is executed.
01:26:25 INFO  : Context for 'APU' is selected.
01:26:25 INFO  : Sourcing of 'D:/Work/Hobby_proj/spectrum_analyzer/vitis_workspace/sw_spectrum/_ide/psinit/ps7_init.tcl' is done.
01:26:25 INFO  : 'ps7_init' command is executed.
01:26:25 INFO  : 'ps7_post_config' command is executed.
01:26:25 INFO  : Context for processor 'ps7_cortexa9_0' is selected.
01:26:25 INFO  : The application 'D:/Work/Hobby_proj/spectrum_analyzer/vitis_workspace/sw_spectrum/Debug/sw_spectrum.elf' is downloaded to processor 'ps7_cortexa9_0'.
01:26:25 INFO  : 'configparams force-mem-access 0' command is executed.
01:26:25 INFO  : ----------------XSDB Script----------------
connect -url tcp:127.0.0.1:3121
targets -set -nocase -filter {name =~"APU*"}
rst -system
after 3000
targets -set -filter {jtag_cable_name =~ "Xilinx PYNQ-Z1 003017AD430FA" && level==0} -index 1
fpga -file D:/Work/Hobby_proj/spectrum_analyzer/vitis_workspace/sw_spectrum/_ide/bitstream/design_1_wrapper.bit
targets -set -nocase -filter {name =~"APU*"}
loadhw -hw D:/Work/Hobby_proj/spectrum_analyzer/vitis_workspace/design_1_wrapper_1/export/design_1_wrapper_1/hw/design_1_wrapper.xsa -mem-ranges [list {0x40000000 0xbfffffff}]
configparams force-mem-access 1
targets -set -nocase -filter {name =~"APU*"}
source D:/Work/Hobby_proj/spectrum_analyzer/vitis_workspace/sw_spectrum/_ide/psinit/ps7_init.tcl
ps7_init
ps7_post_config
targets -set -nocase -filter {name =~ "*A9*#0"}
dow D:/Work/Hobby_proj/spectrum_analyzer/vitis_workspace/sw_spectrum/Debug/sw_spectrum.elf
configparams force-mem-access 0
----------------End of Script----------------

01:26:25 INFO  : Memory regions updated for context APU
01:26:25 INFO  : Context for processor 'ps7_cortexa9_0' is selected.
01:26:25 INFO  : 'con' command is executed.
01:26:25 INFO  : ----------------XSDB Script (After Launch)----------------
targets -set -nocase -filter {name =~ "*A9*#0"}
con
----------------End of Script----------------

01:26:25 INFO  : Launch script is exported to file 'D:\Work\Hobby_proj\spectrum_analyzer\vitis_workspace\.sdk\launch_scripts\single_application_debug\run_sw_spectrum.tcl'
01:29:46 INFO  : Checking for BSP changes to sync application flags for project 'sw_spectrum'...
01:29:51 INFO  : Checking for BSP changes to sync application flags for project 'sw_spectrum'...
01:29:52 INFO  : Disconnected from the channel tcfchan#35.
01:29:53 INFO  : Connected to target on host '127.0.0.1' and port '3121'.
01:29:53 INFO  : Jtag cable 'Xilinx PYNQ-Z1 003017AD430FA' is selected.
01:29:53 INFO  : 'jtag frequency' command is executed.
01:29:53 INFO  : Context for 'APU' is selected.
01:29:53 INFO  : System reset is completed.
01:29:56 INFO  : 'after 3000' command is executed.
01:29:56 INFO  : 'targets -set -filter {jtag_cable_name =~ "Xilinx PYNQ-Z1 003017AD430FA" && level==0} -index 1' command is executed.
01:29:58 INFO  : FPGA configured successfully with bitstream "D:/Work/Hobby_proj/spectrum_analyzer/vitis_workspace/sw_spectrum/_ide/bitstream/design_1_wrapper.bit"
01:29:58 INFO  : Context for 'APU' is selected.
01:29:58 INFO  : Hardware design information is loaded from 'D:/Work/Hobby_proj/spectrum_analyzer/vitis_workspace/design_1_wrapper_1/export/design_1_wrapper_1/hw/design_1_wrapper.xsa'.
01:29:58 INFO  : 'configparams force-mem-access 1' command is executed.
01:29:58 INFO  : Context for 'APU' is selected.
01:29:59 INFO  : Sourcing of 'D:/Work/Hobby_proj/spectrum_analyzer/vitis_workspace/sw_spectrum/_ide/psinit/ps7_init.tcl' is done.
01:29:59 INFO  : 'ps7_init' command is executed.
01:29:59 INFO  : 'ps7_post_config' command is executed.
01:29:59 INFO  : Context for processor 'ps7_cortexa9_0' is selected.
01:29:59 INFO  : The application 'D:/Work/Hobby_proj/spectrum_analyzer/vitis_workspace/sw_spectrum/Debug/sw_spectrum.elf' is downloaded to processor 'ps7_cortexa9_0'.
01:29:59 INFO  : 'configparams force-mem-access 0' command is executed.
01:29:59 INFO  : ----------------XSDB Script----------------
connect -url tcp:127.0.0.1:3121
targets -set -nocase -filter {name =~"APU*"}
rst -system
after 3000
targets -set -filter {jtag_cable_name =~ "Xilinx PYNQ-Z1 003017AD430FA" && level==0} -index 1
fpga -file D:/Work/Hobby_proj/spectrum_analyzer/vitis_workspace/sw_spectrum/_ide/bitstream/design_1_wrapper.bit
targets -set -nocase -filter {name =~"APU*"}
loadhw -hw D:/Work/Hobby_proj/spectrum_analyzer/vitis_workspace/design_1_wrapper_1/export/design_1_wrapper_1/hw/design_1_wrapper.xsa -mem-ranges [list {0x40000000 0xbfffffff}]
configparams force-mem-access 1
targets -set -nocase -filter {name =~"APU*"}
source D:/Work/Hobby_proj/spectrum_analyzer/vitis_workspace/sw_spectrum/_ide/psinit/ps7_init.tcl
ps7_init
ps7_post_config
targets -set -nocase -filter {name =~ "*A9*#0"}
dow D:/Work/Hobby_proj/spectrum_analyzer/vitis_workspace/sw_spectrum/Debug/sw_spectrum.elf
configparams force-mem-access 0
----------------End of Script----------------

01:29:59 INFO  : Memory regions updated for context APU
01:29:59 INFO  : Context for processor 'ps7_cortexa9_0' is selected.
01:29:59 INFO  : 'con' command is executed.
01:29:59 INFO  : ----------------XSDB Script (After Launch)----------------
targets -set -nocase -filter {name =~ "*A9*#0"}
con
----------------End of Script----------------

01:29:59 INFO  : Launch script is exported to file 'D:\Work\Hobby_proj\spectrum_analyzer\vitis_workspace\.sdk\launch_scripts\single_application_debug\run_sw_spectrum.tcl'
01:31:14 INFO  : Checking for BSP changes to sync application flags for project 'sw_spectrum'...
01:33:06 INFO  : Checking for BSP changes to sync application flags for project 'sw_spectrum'...
01:33:59 INFO  : Checking for BSP changes to sync application flags for project 'sw_spectrum'...
01:34:05 INFO  : Checking for BSP changes to sync application flags for project 'sw_spectrum'...
01:34:06 INFO  : Disconnected from the channel tcfchan#37.
01:34:07 INFO  : Connected to target on host '127.0.0.1' and port '3121'.
01:34:07 INFO  : Jtag cable 'Xilinx PYNQ-Z1 003017AD430FA' is selected.
01:34:07 INFO  : 'jtag frequency' command is executed.
01:34:07 INFO  : Context for 'APU' is selected.
01:34:07 INFO  : System reset is completed.
01:34:10 INFO  : 'after 3000' command is executed.
01:34:10 INFO  : 'targets -set -filter {jtag_cable_name =~ "Xilinx PYNQ-Z1 003017AD430FA" && level==0} -index 1' command is executed.
01:34:12 INFO  : FPGA configured successfully with bitstream "D:/Work/Hobby_proj/spectrum_analyzer/vitis_workspace/sw_spectrum/_ide/bitstream/design_1_wrapper.bit"
01:34:12 INFO  : Context for 'APU' is selected.
01:34:12 INFO  : Hardware design information is loaded from 'D:/Work/Hobby_proj/spectrum_analyzer/vitis_workspace/design_1_wrapper_1/export/design_1_wrapper_1/hw/design_1_wrapper.xsa'.
01:34:12 INFO  : 'configparams force-mem-access 1' command is executed.
01:34:12 INFO  : Context for 'APU' is selected.
01:34:12 INFO  : Sourcing of 'D:/Work/Hobby_proj/spectrum_analyzer/vitis_workspace/sw_spectrum/_ide/psinit/ps7_init.tcl' is done.
01:34:13 INFO  : 'ps7_init' command is executed.
01:34:13 INFO  : 'ps7_post_config' command is executed.
01:34:13 INFO  : Context for processor 'ps7_cortexa9_0' is selected.
01:34:13 INFO  : The application 'D:/Work/Hobby_proj/spectrum_analyzer/vitis_workspace/sw_spectrum/Debug/sw_spectrum.elf' is downloaded to processor 'ps7_cortexa9_0'.
01:34:13 INFO  : 'configparams force-mem-access 0' command is executed.
01:34:13 INFO  : ----------------XSDB Script----------------
connect -url tcp:127.0.0.1:3121
targets -set -nocase -filter {name =~"APU*"}
rst -system
after 3000
targets -set -filter {jtag_cable_name =~ "Xilinx PYNQ-Z1 003017AD430FA" && level==0} -index 1
fpga -file D:/Work/Hobby_proj/spectrum_analyzer/vitis_workspace/sw_spectrum/_ide/bitstream/design_1_wrapper.bit
targets -set -nocase -filter {name =~"APU*"}
loadhw -hw D:/Work/Hobby_proj/spectrum_analyzer/vitis_workspace/design_1_wrapper_1/export/design_1_wrapper_1/hw/design_1_wrapper.xsa -mem-ranges [list {0x40000000 0xbfffffff}]
configparams force-mem-access 1
targets -set -nocase -filter {name =~"APU*"}
source D:/Work/Hobby_proj/spectrum_analyzer/vitis_workspace/sw_spectrum/_ide/psinit/ps7_init.tcl
ps7_init
ps7_post_config
targets -set -nocase -filter {name =~ "*A9*#0"}
dow D:/Work/Hobby_proj/spectrum_analyzer/vitis_workspace/sw_spectrum/Debug/sw_spectrum.elf
configparams force-mem-access 0
----------------End of Script----------------

01:34:13 INFO  : Memory regions updated for context APU
01:34:13 INFO  : Context for processor 'ps7_cortexa9_0' is selected.
01:34:13 INFO  : 'con' command is executed.
01:34:13 INFO  : ----------------XSDB Script (After Launch)----------------
targets -set -nocase -filter {name =~ "*A9*#0"}
con
----------------End of Script----------------

01:34:13 INFO  : Launch script is exported to file 'D:\Work\Hobby_proj\spectrum_analyzer\vitis_workspace\.sdk\launch_scripts\single_application_debug\run_sw_spectrum.tcl'
01:39:08 INFO  : Disconnected from the channel tcfchan#41.
19:27:49 INFO  : Launching XSCT server: xsct.bat -n  -interactive D:\Work\Hobby_proj\simple_spectrum_analyzer\spectrum_analyzer\vitis_workspace\temp_xsdb_launch_script.tcl
19:27:51 INFO  : XSCT server has started successfully.
19:27:51 INFO  : plnx-install-location is set to ''
19:27:51 INFO  : Successfully done setting XSCT server connection channel  
19:27:51 INFO  : Successfully done setting workspace for the tool. 
19:27:51 INFO  : Successfully done query RDI_DATADIR 
19:27:51 INFO  : Registering command handlers for Vitis TCF services
19:38:43 ERROR : Hardware specification file is not configured properly in the launch configuration 'run_sw_spectrum'. 
Make sure that the application 'sw_spectrum' is built properly for configuration 'Debug' before launching.
19:39:05 ERROR : Hardware specification file is not configured properly in the launch configuration 'run_sw_spectrum'. 
Make sure that the application 'sw_spectrum' is built properly for configuration 'Debug' before launching.
19:39:46 INFO  : Hardware specification for platform project 'design_1_wrapper_1' is updated.
19:40:19 INFO  : Checking for BSP changes to sync application flags for project 'sw_spectrum'...
19:41:08 INFO  : Hardware specification for platform project 'design_1_wrapper_1' is updated.
19:41:13 INFO  : Checking for BSP changes to sync application flags for project 'sw_spectrum'...
19:41:15 INFO  : The hardware specfication used by project 'sw_spectrum' is out of sync with the platform. Resource files extracted from the hardware specfiication will be updated.
19:41:15 INFO  : The file 'D:\Work\Hobby_proj\simple_spectrum_analyzer\spectrum_analyzer\vitis_workspace\sw_spectrum\_ide\bitstream\design_1_wrapper.bit' stored in project is removed.
19:41:15 INFO  : The updated bitstream files are copied from platform to folder 'D:\Work\Hobby_proj\simple_spectrum_analyzer\spectrum_analyzer\vitis_workspace\sw_spectrum\_ide\bitstream' in project 'sw_spectrum'.
19:41:15 INFO  : The file 'D:\Work\Hobby_proj\simple_spectrum_analyzer\spectrum_analyzer\vitis_workspace\sw_spectrum\_ide\psinit\ps7_init.tcl' stored in project is removed.
19:41:19 INFO  : The updated ps init files are copied from platform to folder 'D:\Work\Hobby_proj\simple_spectrum_analyzer\spectrum_analyzer\vitis_workspace\sw_spectrum\_ide\psinit' in project 'sw_spectrum'.
19:44:44 INFO  : Successfully done sdx_reload_mss "D:/Work/Hobby_proj/simple_spectrum_analyzer/spectrum_analyzer/vitis_workspace/design_1_wrapper_1/zynq_fsbl/zynq_fsbl_bsp/system.mss"
19:44:44 INFO  : Successfully done sdx_reload_mss "D:/Work/Hobby_proj/simple_spectrum_analyzer/spectrum_analyzer/vitis_workspace/design_1_wrapper_1/ps7_cortexa9_0/standalone_domain/bsp/system.mss"
19:47:14 INFO  : Hardware specification for platform project 'design_1_wrapper_1' is updated.
19:47:15 INFO  : Successfully done sdx_reload_mss "D:/Work/Hobby_proj/simple_spectrum_analyzer/spectrum_analyzer/vitis_workspace/design_1_wrapper_1/zynq_fsbl/zynq_fsbl_bsp/system.mss"
19:47:16 INFO  : Successfully done sdx_reload_mss "D:/Work/Hobby_proj/simple_spectrum_analyzer/spectrum_analyzer/vitis_workspace/design_1_wrapper_1/ps7_cortexa9_0/standalone_domain/bsp/system.mss"
19:49:02 INFO  : Connected to target on host '127.0.0.1' and port '3121'.
19:49:03 INFO  : Jtag cable 'Xilinx PYNQ-Z1 003017AD430FA' is selected.
19:49:03 INFO  : 'jtag frequency' command is executed.
19:49:03 INFO  : Context for 'APU' is selected.
19:49:03 INFO  : System reset is completed.
19:49:06 INFO  : 'after 3000' command is executed.
19:49:06 INFO  : 'targets -set -filter {jtag_cable_name =~ "Xilinx PYNQ-Z1 003017AD430FA" && level==0} -index 1' command is executed.
19:49:08 INFO  : FPGA configured successfully with bitstream "D:/Work/Hobby_proj/simple_spectrum_analyzer/spectrum_analyzer/vitis_workspace/sw_spectrum/_ide/bitstream/design_1_wrapper.bit"
19:49:08 INFO  : Context for 'APU' is selected.
19:49:08 INFO  : Hardware design information is loaded from 'D:/Work/Hobby_proj/simple_spectrum_analyzer/spectrum_analyzer/vitis_workspace/design_1_wrapper_1/export/design_1_wrapper_1/hw/design_1_wrapper.xsa'.
19:49:08 INFO  : 'configparams force-mem-access 1' command is executed.
19:49:08 INFO  : Context for 'APU' is selected.
19:49:08 INFO  : Sourcing of 'D:/Work/Hobby_proj/simple_spectrum_analyzer/spectrum_analyzer/vitis_workspace/sw_spectrum/_ide/psinit/ps7_init.tcl' is done.
19:49:08 INFO  : 'ps7_init' command is executed.
19:49:08 INFO  : 'ps7_post_config' command is executed.
19:49:08 INFO  : Context for processor 'ps7_cortexa9_0' is selected.
19:49:09 INFO  : The application 'D:/Work/Hobby_proj/simple_spectrum_analyzer/spectrum_analyzer/vitis_workspace/sw_spectrum/Debug/sw_spectrum.elf' is downloaded to processor 'ps7_cortexa9_0'.
19:49:09 INFO  : 'configparams force-mem-access 0' command is executed.
19:49:09 INFO  : ----------------XSDB Script----------------
connect -url tcp:127.0.0.1:3121
targets -set -nocase -filter {name =~"APU*"}
rst -system
after 3000
targets -set -filter {jtag_cable_name =~ "Xilinx PYNQ-Z1 003017AD430FA" && level==0} -index 1
fpga -file D:/Work/Hobby_proj/simple_spectrum_analyzer/spectrum_analyzer/vitis_workspace/sw_spectrum/_ide/bitstream/design_1_wrapper.bit
targets -set -nocase -filter {name =~"APU*"}
loadhw -hw D:/Work/Hobby_proj/simple_spectrum_analyzer/spectrum_analyzer/vitis_workspace/design_1_wrapper_1/export/design_1_wrapper_1/hw/design_1_wrapper.xsa -mem-ranges [list {0x40000000 0xbfffffff}]
configparams force-mem-access 1
targets -set -nocase -filter {name =~"APU*"}
source D:/Work/Hobby_proj/simple_spectrum_analyzer/spectrum_analyzer/vitis_workspace/sw_spectrum/_ide/psinit/ps7_init.tcl
ps7_init
ps7_post_config
targets -set -nocase -filter {name =~ "*A9*#0"}
dow D:/Work/Hobby_proj/simple_spectrum_analyzer/spectrum_analyzer/vitis_workspace/sw_spectrum/Debug/sw_spectrum.elf
configparams force-mem-access 0
----------------End of Script----------------

19:49:09 INFO  : Memory regions updated for context APU
19:49:09 INFO  : Context for processor 'ps7_cortexa9_0' is selected.
19:49:09 INFO  : 'con' command is executed.
19:49:09 INFO  : ----------------XSDB Script (After Launch)----------------
targets -set -nocase -filter {name =~ "*A9*#0"}
con
----------------End of Script----------------

19:49:09 INFO  : Launch script is exported to file 'D:\Work\Hobby_proj\simple_spectrum_analyzer\spectrum_analyzer\vitis_workspace\.sdk\launch_scripts\single_application_debug\run_sw_spectrum.tcl'
19:49:18 INFO  : Disconnected from the channel tcfchan#8.
19:49:19 INFO  : Connected to target on host '127.0.0.1' and port '3121'.
19:49:19 INFO  : Jtag cable 'Xilinx PYNQ-Z1 003017AD430FA' is selected.
19:49:19 INFO  : 'jtag frequency' command is executed.
19:49:19 INFO  : Context for 'APU' is selected.
19:49:19 INFO  : System reset is completed.
19:49:22 INFO  : 'after 3000' command is executed.
19:49:22 INFO  : 'targets -set -filter {jtag_cable_name =~ "Xilinx PYNQ-Z1 003017AD430FA" && level==0} -index 1' command is executed.
19:49:24 INFO  : FPGA configured successfully with bitstream "D:/Work/Hobby_proj/simple_spectrum_analyzer/spectrum_analyzer/vitis_workspace/sw_spectrum/_ide/bitstream/design_1_wrapper.bit"
19:49:24 INFO  : Context for 'APU' is selected.
19:49:24 INFO  : Hardware design information is loaded from 'D:/Work/Hobby_proj/simple_spectrum_analyzer/spectrum_analyzer/vitis_workspace/design_1_wrapper_1/export/design_1_wrapper_1/hw/design_1_wrapper.xsa'.
19:49:24 INFO  : 'configparams force-mem-access 1' command is executed.
19:49:24 INFO  : Context for 'APU' is selected.
19:49:24 INFO  : Sourcing of 'D:/Work/Hobby_proj/simple_spectrum_analyzer/spectrum_analyzer/vitis_workspace/sw_spectrum/_ide/psinit/ps7_init.tcl' is done.
19:49:24 INFO  : 'ps7_init' command is executed.
19:49:24 INFO  : 'ps7_post_config' command is executed.
19:49:24 INFO  : Context for processor 'ps7_cortexa9_0' is selected.
19:49:25 INFO  : The application 'D:/Work/Hobby_proj/simple_spectrum_analyzer/spectrum_analyzer/vitis_workspace/sw_spectrum/Debug/sw_spectrum.elf' is downloaded to processor 'ps7_cortexa9_0'.
19:49:25 INFO  : 'configparams force-mem-access 0' command is executed.
19:49:25 INFO  : ----------------XSDB Script----------------
connect -url tcp:127.0.0.1:3121
targets -set -nocase -filter {name =~"APU*"}
rst -system
after 3000
targets -set -filter {jtag_cable_name =~ "Xilinx PYNQ-Z1 003017AD430FA" && level==0} -index 1
fpga -file D:/Work/Hobby_proj/simple_spectrum_analyzer/spectrum_analyzer/vitis_workspace/sw_spectrum/_ide/bitstream/design_1_wrapper.bit
targets -set -nocase -filter {name =~"APU*"}
loadhw -hw D:/Work/Hobby_proj/simple_spectrum_analyzer/spectrum_analyzer/vitis_workspace/design_1_wrapper_1/export/design_1_wrapper_1/hw/design_1_wrapper.xsa -mem-ranges [list {0x40000000 0xbfffffff}]
configparams force-mem-access 1
targets -set -nocase -filter {name =~"APU*"}
source D:/Work/Hobby_proj/simple_spectrum_analyzer/spectrum_analyzer/vitis_workspace/sw_spectrum/_ide/psinit/ps7_init.tcl
ps7_init
ps7_post_config
targets -set -nocase -filter {name =~ "*A9*#0"}
dow D:/Work/Hobby_proj/simple_spectrum_analyzer/spectrum_analyzer/vitis_workspace/sw_spectrum/Debug/sw_spectrum.elf
configparams force-mem-access 0
----------------End of Script----------------

19:49:25 INFO  : Memory regions updated for context APU
19:49:25 INFO  : Context for processor 'ps7_cortexa9_0' is selected.
19:49:25 INFO  : 'con' command is executed.
19:49:25 INFO  : ----------------XSDB Script (After Launch)----------------
targets -set -nocase -filter {name =~ "*A9*#0"}
con
----------------End of Script----------------

19:49:25 INFO  : Launch script is exported to file 'D:\Work\Hobby_proj\simple_spectrum_analyzer\spectrum_analyzer\vitis_workspace\.sdk\launch_scripts\single_application_debug\run_sw_spectrum.tcl'
19:51:22 INFO  : Disconnected from the channel tcfchan#9.
19:51:23 INFO  : Connected to target on host '127.0.0.1' and port '3121'.
19:51:23 INFO  : Jtag cable 'Xilinx PYNQ-Z1 003017AD430FA' is selected.
19:51:23 INFO  : 'jtag frequency' command is executed.
19:51:23 INFO  : Context for 'APU' is selected.
19:51:23 INFO  : System reset is completed.
19:51:26 INFO  : 'after 3000' command is executed.
19:51:26 INFO  : 'targets -set -filter {jtag_cable_name =~ "Xilinx PYNQ-Z1 003017AD430FA" && level==0} -index 1' command is executed.
19:51:29 INFO  : FPGA configured successfully with bitstream "D:/Work/Hobby_proj/simple_spectrum_analyzer/spectrum_analyzer/vitis_workspace/sw_spectrum/_ide/bitstream/design_1_wrapper.bit"
19:51:29 INFO  : Context for 'APU' is selected.
19:51:29 INFO  : Hardware design information is loaded from 'D:/Work/Hobby_proj/simple_spectrum_analyzer/spectrum_analyzer/vitis_workspace/design_1_wrapper_1/export/design_1_wrapper_1/hw/design_1_wrapper.xsa'.
19:51:29 INFO  : 'configparams force-mem-access 1' command is executed.
19:51:29 INFO  : Context for 'APU' is selected.
19:51:29 INFO  : Sourcing of 'D:/Work/Hobby_proj/simple_spectrum_analyzer/spectrum_analyzer/vitis_workspace/sw_spectrum/_ide/psinit/ps7_init.tcl' is done.
19:51:29 INFO  : 'ps7_init' command is executed.
19:51:29 INFO  : 'ps7_post_config' command is executed.
19:51:29 INFO  : Context for processor 'ps7_cortexa9_0' is selected.
19:51:29 INFO  : The application 'D:/Work/Hobby_proj/simple_spectrum_analyzer/spectrum_analyzer/vitis_workspace/sw_spectrum/Debug/sw_spectrum.elf' is downloaded to processor 'ps7_cortexa9_0'.
19:51:29 INFO  : 'configparams force-mem-access 0' command is executed.
19:51:29 INFO  : ----------------XSDB Script----------------
connect -url tcp:127.0.0.1:3121
targets -set -nocase -filter {name =~"APU*"}
rst -system
after 3000
targets -set -filter {jtag_cable_name =~ "Xilinx PYNQ-Z1 003017AD430FA" && level==0} -index 1
fpga -file D:/Work/Hobby_proj/simple_spectrum_analyzer/spectrum_analyzer/vitis_workspace/sw_spectrum/_ide/bitstream/design_1_wrapper.bit
targets -set -nocase -filter {name =~"APU*"}
loadhw -hw D:/Work/Hobby_proj/simple_spectrum_analyzer/spectrum_analyzer/vitis_workspace/design_1_wrapper_1/export/design_1_wrapper_1/hw/design_1_wrapper.xsa -mem-ranges [list {0x40000000 0xbfffffff}]
configparams force-mem-access 1
targets -set -nocase -filter {name =~"APU*"}
source D:/Work/Hobby_proj/simple_spectrum_analyzer/spectrum_analyzer/vitis_workspace/sw_spectrum/_ide/psinit/ps7_init.tcl
ps7_init
ps7_post_config
targets -set -nocase -filter {name =~ "*A9*#0"}
dow D:/Work/Hobby_proj/simple_spectrum_analyzer/spectrum_analyzer/vitis_workspace/sw_spectrum/Debug/sw_spectrum.elf
configparams force-mem-access 0
----------------End of Script----------------

19:51:29 INFO  : Memory regions updated for context APU
19:51:29 INFO  : Context for processor 'ps7_cortexa9_0' is selected.
19:51:29 INFO  : 'con' command is executed.
19:51:29 INFO  : ----------------XSDB Script (After Launch)----------------
targets -set -nocase -filter {name =~ "*A9*#0"}
con
----------------End of Script----------------

19:51:29 INFO  : Launch script is exported to file 'D:\Work\Hobby_proj\simple_spectrum_analyzer\spectrum_analyzer\vitis_workspace\.sdk\launch_scripts\single_application_debug\run_sw_spectrum.tcl'
19:54:45 INFO  : Disconnected from the channel tcfchan#10.
19:54:46 INFO  : Connected to target on host '127.0.0.1' and port '3121'.
19:54:46 INFO  : Jtag cable 'Xilinx PYNQ-Z1 003017AD430FA' is selected.
19:54:46 INFO  : 'jtag frequency' command is executed.
19:54:46 INFO  : Context for 'APU' is selected.
19:54:46 INFO  : System reset is completed.
19:54:49 INFO  : 'after 3000' command is executed.
19:54:49 INFO  : 'targets -set -filter {jtag_cable_name =~ "Xilinx PYNQ-Z1 003017AD430FA" && level==0} -index 1' command is executed.
19:54:51 INFO  : FPGA configured successfully with bitstream "D:/Work/Hobby_proj/simple_spectrum_analyzer/spectrum_analyzer/vitis_workspace/sw_spectrum/_ide/bitstream/design_1_wrapper.bit"
19:54:51 INFO  : Context for 'APU' is selected.
19:54:51 INFO  : Hardware design information is loaded from 'D:/Work/Hobby_proj/simple_spectrum_analyzer/spectrum_analyzer/vitis_workspace/design_1_wrapper_1/export/design_1_wrapper_1/hw/design_1_wrapper.xsa'.
19:54:51 INFO  : 'configparams force-mem-access 1' command is executed.
19:54:51 INFO  : Context for 'APU' is selected.
19:54:51 INFO  : Sourcing of 'D:/Work/Hobby_proj/simple_spectrum_analyzer/spectrum_analyzer/vitis_workspace/sw_spectrum/_ide/psinit/ps7_init.tcl' is done.
19:54:52 INFO  : 'ps7_init' command is executed.
19:54:52 INFO  : 'ps7_post_config' command is executed.
19:54:52 INFO  : Context for processor 'ps7_cortexa9_0' is selected.
19:54:52 INFO  : The application 'D:/Work/Hobby_proj/simple_spectrum_analyzer/spectrum_analyzer/vitis_workspace/sw_spectrum/Debug/sw_spectrum.elf' is downloaded to processor 'ps7_cortexa9_0'.
19:54:52 INFO  : 'configparams force-mem-access 0' command is executed.
19:54:52 INFO  : ----------------XSDB Script----------------
connect -url tcp:127.0.0.1:3121
targets -set -nocase -filter {name =~"APU*"}
rst -system
after 3000
targets -set -filter {jtag_cable_name =~ "Xilinx PYNQ-Z1 003017AD430FA" && level==0} -index 1
fpga -file D:/Work/Hobby_proj/simple_spectrum_analyzer/spectrum_analyzer/vitis_workspace/sw_spectrum/_ide/bitstream/design_1_wrapper.bit
targets -set -nocase -filter {name =~"APU*"}
loadhw -hw D:/Work/Hobby_proj/simple_spectrum_analyzer/spectrum_analyzer/vitis_workspace/design_1_wrapper_1/export/design_1_wrapper_1/hw/design_1_wrapper.xsa -mem-ranges [list {0x40000000 0xbfffffff}]
configparams force-mem-access 1
targets -set -nocase -filter {name =~"APU*"}
source D:/Work/Hobby_proj/simple_spectrum_analyzer/spectrum_analyzer/vitis_workspace/sw_spectrum/_ide/psinit/ps7_init.tcl
ps7_init
ps7_post_config
targets -set -nocase -filter {name =~ "*A9*#0"}
dow D:/Work/Hobby_proj/simple_spectrum_analyzer/spectrum_analyzer/vitis_workspace/sw_spectrum/Debug/sw_spectrum.elf
configparams force-mem-access 0
----------------End of Script----------------

19:54:52 INFO  : Memory regions updated for context APU
19:54:52 INFO  : Context for processor 'ps7_cortexa9_0' is selected.
19:54:52 INFO  : 'con' command is executed.
19:54:52 INFO  : ----------------XSDB Script (After Launch)----------------
targets -set -nocase -filter {name =~ "*A9*#0"}
con
----------------End of Script----------------

19:54:52 INFO  : Launch script is exported to file 'D:\Work\Hobby_proj\simple_spectrum_analyzer\spectrum_analyzer\vitis_workspace\.sdk\launch_scripts\single_application_debug\run_sw_spectrum.tcl'
19:57:41 INFO  : Disconnected from the channel tcfchan#11.
