
*** Running vivado
    with args -log design_1_xfft_0_0.vds -m64 -product Vivado -mode batch -messageDb vivado.pb -notrace -source design_1_xfft_0_0.tcl


****** Vivado v2019.2 (64-bit)
  **** SW Build 2708876 on Wed Nov  6 21:40:23 MST 2019
  **** IP Build 2700528 on Thu Nov  7 00:09:20 MST 2019
    ** Copyright 1986-2019 Xilinx, Inc. All Rights Reserved.

source design_1_xfft_0_0.tcl -notrace
Command: synth_design -top design_1_xfft_0_0 -part xc7z020clg400-1 -mode out_of_context
Starting synth_design
Attempting to get a license for feature 'Synthesis' and/or device 'xc7z020'
INFO: [Common 17-349] Got license for feature 'Synthesis' and/or device 'xc7z020'
INFO: [Device 21-403] Loading part xc7z020clg400-1
INFO: Launching helper process for spawning children vivado processes
INFO: Helper process launched with PID 6404 
---------------------------------------------------------------------------------
Starting RTL Elaboration : Time (s): cpu = 00:00:03 ; elapsed = 00:00:06 . Memory (MB): peak = 1026.152 ; gain = 238.598
---------------------------------------------------------------------------------
INFO: [Synth 8-638] synthesizing module 'design_1_xfft_0_0' [d:/Work/Hobby_proj/spectrum_analyzer/spectrum_analyzer.srcs/sources_1/bd/design_1/ip/design_1_xfft_0_0/synth/design_1_xfft_0_0.vhd:79]
	Parameter C_XDEVICEFAMILY bound to: zynq - type: string 
	Parameter C_S_AXIS_CONFIG_TDATA_WIDTH bound to: 24 - type: integer 
	Parameter C_S_AXIS_DATA_TDATA_WIDTH bound to: 32 - type: integer 
	Parameter C_M_AXIS_DATA_TDATA_WIDTH bound to: 32 - type: integer 
	Parameter C_M_AXIS_DATA_TUSER_WIDTH bound to: 1 - type: integer 
	Parameter C_M_AXIS_STATUS_TDATA_WIDTH bound to: 1 - type: integer 
	Parameter C_THROTTLE_SCHEME bound to: 0 - type: integer 
	Parameter C_CHANNELS bound to: 1 - type: integer 
	Parameter C_NFFT_MAX bound to: 10 - type: integer 
	Parameter C_ARCH bound to: 3 - type: integer 
	Parameter C_HAS_NFFT bound to: 1 - type: integer 
	Parameter C_USE_FLT_PT bound to: 0 - type: integer 
	Parameter C_INPUT_WIDTH bound to: 16 - type: integer 
	Parameter C_TWIDDLE_WIDTH bound to: 16 - type: integer 
	Parameter C_OUTPUT_WIDTH bound to: 16 - type: integer 
	Parameter C_HAS_SCALING bound to: 1 - type: integer 
	Parameter C_HAS_BFP bound to: 0 - type: integer 
	Parameter C_HAS_ROUNDING bound to: 0 - type: integer 
	Parameter C_HAS_ACLKEN bound to: 0 - type: integer 
	Parameter C_HAS_ARESETN bound to: 0 - type: integer 
	Parameter C_HAS_OVFLO bound to: 0 - type: integer 
	Parameter C_HAS_NATURAL_INPUT bound to: 1 - type: integer 
	Parameter C_HAS_NATURAL_OUTPUT bound to: 1 - type: integer 
	Parameter C_HAS_CYCLIC_PREFIX bound to: 0 - type: integer 
	Parameter C_HAS_XK_INDEX bound to: 0 - type: integer 
	Parameter C_DATA_MEM_TYPE bound to: 1 - type: integer 
	Parameter C_TWIDDLE_MEM_TYPE bound to: 1 - type: integer 
	Parameter C_BRAM_STAGES bound to: 3 - type: integer 
	Parameter C_REORDER_MEM_TYPE bound to: 1 - type: integer 
	Parameter C_USE_HYBRID_RAM bound to: 0 - type: integer 
	Parameter C_OPTIMIZE_GOAL bound to: 0 - type: integer 
	Parameter C_CMPY_TYPE bound to: 1 - type: integer 
	Parameter C_BFLY_TYPE bound to: 0 - type: integer 
INFO: [Synth 8-3491] module 'xfft_v9_1_3' declared at 'd:/Work/Hobby_proj/spectrum_analyzer/spectrum_analyzer.srcs/sources_1/bd/design_1/ipshared/c56c/hdl/xfft_v9_1_vh_rfs.vhd:103146' bound to instance 'U0' of component 'xfft_v9_1_3' [d:/Work/Hobby_proj/spectrum_analyzer/spectrum_analyzer.srcs/sources_1/bd/design_1/ip/design_1_xfft_0_0/synth/design_1_xfft_0_0.vhd:194]
INFO: [Synth 8-256] done synthesizing module 'design_1_xfft_0_0' (57#1) [d:/Work/Hobby_proj/spectrum_analyzer/spectrum_analyzer.srcs/sources_1/bd/design_1/ip/design_1_xfft_0_0/synth/design_1_xfft_0_0.vhd:79]
WARNING: [Synth 8-3331] design shift_ram__parameterized89 has unconnected port Q[0]
WARNING: [Synth 8-3331] design shift_ram__parameterized89 has unconnected port D[0]
WARNING: [Synth 8-3331] design shift_ram__parameterized89 has unconnected port CLK
WARNING: [Synth 8-3331] design shift_ram__parameterized89 has unconnected port CE
WARNING: [Synth 8-3331] design shift_ram__parameterized89 has unconnected port SCLR
WARNING: [Synth 8-3331] design shift_ram__parameterized89 has unconnected port COMBI_SCLR
WARNING: [Synth 8-3331] design shift_ram__parameterized89 has unconnected port DEPTHx2
WARNING: [Synth 8-3331] design c_shift_ram_v12_0_14_legacy__parameterized1 has unconnected port a[3]
WARNING: [Synth 8-3331] design c_shift_ram_v12_0_14_legacy__parameterized1 has unconnected port a[2]
WARNING: [Synth 8-3331] design c_shift_ram_v12_0_14_legacy__parameterized1 has unconnected port a[1]
WARNING: [Synth 8-3331] design c_shift_ram_v12_0_14_legacy__parameterized1 has unconnected port a[0]
WARNING: [Synth 8-3331] design c_shift_ram_v12_0_14_legacy__parameterized1 has unconnected port aclr
WARNING: [Synth 8-3331] design c_shift_ram_v12_0_14_legacy__parameterized1 has unconnected port aset
WARNING: [Synth 8-3331] design c_shift_ram_v12_0_14_legacy__parameterized1 has unconnected port ainit
WARNING: [Synth 8-3331] design c_shift_ram_v12_0_14_legacy__parameterized1 has unconnected port sclr
WARNING: [Synth 8-3331] design c_shift_ram_v12_0_14_legacy__parameterized1 has unconnected port sset
WARNING: [Synth 8-3331] design c_shift_ram_v12_0_14_legacy__parameterized1 has unconnected port sinit
WARNING: [Synth 8-3331] design shift_ram__parameterized91 has unconnected port D[0]
WARNING: [Synth 8-3331] design shift_ram__parameterized91 has unconnected port DEPTHx2
WARNING: [Synth 8-3331] design c_shift_ram_v12_0_14_legacy__parameterized3 has unconnected port a[3]
WARNING: [Synth 8-3331] design c_shift_ram_v12_0_14_legacy__parameterized3 has unconnected port a[2]
WARNING: [Synth 8-3331] design c_shift_ram_v12_0_14_legacy__parameterized3 has unconnected port a[1]
WARNING: [Synth 8-3331] design c_shift_ram_v12_0_14_legacy__parameterized3 has unconnected port a[0]
WARNING: [Synth 8-3331] design c_shift_ram_v12_0_14_legacy__parameterized3 has unconnected port aclr
WARNING: [Synth 8-3331] design c_shift_ram_v12_0_14_legacy__parameterized3 has unconnected port aset
WARNING: [Synth 8-3331] design c_shift_ram_v12_0_14_legacy__parameterized3 has unconnected port ainit
WARNING: [Synth 8-3331] design c_shift_ram_v12_0_14_legacy__parameterized3 has unconnected port sclr
WARNING: [Synth 8-3331] design c_shift_ram_v12_0_14_legacy__parameterized3 has unconnected port sset
WARNING: [Synth 8-3331] design c_shift_ram_v12_0_14_legacy__parameterized3 has unconnected port sinit
WARNING: [Synth 8-3331] design shift_ram__parameterized90 has unconnected port D[15]
WARNING: [Synth 8-3331] design shift_ram__parameterized90 has unconnected port D[14]
WARNING: [Synth 8-3331] design shift_ram__parameterized90 has unconnected port D[13]
WARNING: [Synth 8-3331] design shift_ram__parameterized90 has unconnected port D[12]
WARNING: [Synth 8-3331] design shift_ram__parameterized90 has unconnected port D[11]
WARNING: [Synth 8-3331] design shift_ram__parameterized90 has unconnected port D[10]
WARNING: [Synth 8-3331] design shift_ram__parameterized90 has unconnected port D[9]
WARNING: [Synth 8-3331] design shift_ram__parameterized90 has unconnected port D[8]
WARNING: [Synth 8-3331] design shift_ram__parameterized90 has unconnected port D[7]
WARNING: [Synth 8-3331] design shift_ram__parameterized90 has unconnected port D[6]
WARNING: [Synth 8-3331] design shift_ram__parameterized90 has unconnected port D[5]
WARNING: [Synth 8-3331] design shift_ram__parameterized90 has unconnected port D[4]
WARNING: [Synth 8-3331] design shift_ram__parameterized90 has unconnected port D[3]
WARNING: [Synth 8-3331] design shift_ram__parameterized90 has unconnected port D[2]
WARNING: [Synth 8-3331] design shift_ram__parameterized90 has unconnected port D[1]
WARNING: [Synth 8-3331] design shift_ram__parameterized90 has unconnected port D[0]
WARNING: [Synth 8-3331] design shift_ram__parameterized90 has unconnected port DEPTHx2
WARNING: [Synth 8-3331] design c_shift_ram_v12_0_14_legacy__parameterized31 has unconnected port a[3]
WARNING: [Synth 8-3331] design c_shift_ram_v12_0_14_legacy__parameterized31 has unconnected port a[2]
WARNING: [Synth 8-3331] design c_shift_ram_v12_0_14_legacy__parameterized31 has unconnected port a[1]
WARNING: [Synth 8-3331] design c_shift_ram_v12_0_14_legacy__parameterized31 has unconnected port a[0]
WARNING: [Synth 8-3331] design c_shift_ram_v12_0_14_legacy__parameterized31 has unconnected port aclr
WARNING: [Synth 8-3331] design c_shift_ram_v12_0_14_legacy__parameterized31 has unconnected port aset
WARNING: [Synth 8-3331] design c_shift_ram_v12_0_14_legacy__parameterized31 has unconnected port ainit
WARNING: [Synth 8-3331] design c_shift_ram_v12_0_14_legacy__parameterized31 has unconnected port sclr
WARNING: [Synth 8-3331] design c_shift_ram_v12_0_14_legacy__parameterized31 has unconnected port sset
WARNING: [Synth 8-3331] design c_shift_ram_v12_0_14_legacy__parameterized31 has unconnected port sinit
WARNING: [Synth 8-3331] design shift_ram__parameterized88 has unconnected port D[0]
WARNING: [Synth 8-3331] design shift_ram__parameterized88 has unconnected port DEPTHx2
WARNING: [Synth 8-3331] design shift_ram__parameterized87 has unconnected port D1
WARNING: [Synth 8-3331] design shift_ram__parameterized87 has unconnected port DEPTHx2
WARNING: [Synth 8-3331] design r22_memory__parameterized4 has unconnected port depthx2
WARNING: [Synth 8-3331] design shift_ram__parameterized86 has unconnected port Q1
WARNING: [Synth 8-3331] design shift_ram__parameterized86 has unconnected port D1
WARNING: [Synth 8-3331] design shift_ram__parameterized86 has unconnected port COMBI_SCLR
WARNING: [Synth 8-3331] design shift_ram__parameterized86 has unconnected port DEPTHx2
WARNING: [Synth 8-3331] design shift_ram__parameterized85 has unconnected port Q1
WARNING: [Synth 8-3331] design shift_ram__parameterized85 has unconnected port D1
WARNING: [Synth 8-3331] design shift_ram__parameterized85 has unconnected port COMBI_SCLR
WARNING: [Synth 8-3331] design shift_ram__parameterized85 has unconnected port DEPTHx2
WARNING: [Synth 8-3331] design so_run_addr_gen_left_shift has unconnected port shift[4]
WARNING: [Synth 8-3331] design so_run_addr_gen_left_shift has unconnected port shift[3]
WARNING: [Synth 8-3331] design so_run_addr_gen_left_shift has unconnected port nfft[4]
WARNING: [Synth 8-3331] design so_run_addr_gen_left_shift has unconnected port nfft[3]
WARNING: [Synth 8-3331] design so_run_addr_gen_left_shift has unconnected port nfft[2]
WARNING: [Synth 8-3331] design so_run_addr_gen_left_shift has unconnected port nfft[1]
WARNING: [Synth 8-3331] design so_run_addr_gen_left_shift has unconnected port nfft[0]
WARNING: [Synth 8-3331] design shift_ram__parameterized45 has unconnected port D[0]
WARNING: [Synth 8-3331] design shift_ram__parameterized45 has unconnected port COMBI_SCLR
WARNING: [Synth 8-3331] design shift_ram__parameterized45 has unconnected port DEPTHx2
WARNING: [Synth 8-3331] design shift_ram__parameterized84 has unconnected port D1
WARNING: [Synth 8-3331] design shift_ram__parameterized84 has unconnected port SCLR
WARNING: [Synth 8-3331] design shift_ram__parameterized84 has unconnected port COMBI_SCLR
WARNING: [Synth 8-3331] design shift_ram__parameterized84 has unconnected port DEPTHx2
WARNING: [Synth 8-3331] design shift_ram__parameterized0 has unconnected port Q1
WARNING: [Synth 8-3331] design shift_ram__parameterized0 has unconnected port D1
WARNING: [Synth 8-3331] design shift_ram__parameterized0 has unconnected port COMBI_SCLR
WARNING: [Synth 8-3331] design shift_ram__parameterized0 has unconnected port DEPTHx2
WARNING: [Synth 8-3331] design shift_ram__parameterized83 has unconnected port D1
WARNING: [Synth 8-3331] design shift_ram__parameterized83 has unconnected port DEPTHx2
WARNING: [Synth 8-3331] design shift_ram__parameterized5 has unconnected port D[0]
WARNING: [Synth 8-3331] design shift_ram__parameterized5 has unconnected port COMBI_SCLR
WARNING: [Synth 8-3331] design shift_ram__parameterized5 has unconnected port DEPTHx2
WARNING: [Synth 8-3331] design equ_rtl has unconnected port MUXCY_IN
WARNING: [Synth 8-3331] design c_reg_fd_v12_0_6_viv has unconnected port AINIT
WARNING: [Synth 8-3331] design c_reg_fd_v12_0_6_viv has unconnected port ACLR
WARNING: [Synth 8-3331] design c_reg_fd_v12_0_6_viv has unconnected port ASET
WARNING: [Synth 8-3331] design c_reg_fd_v12_0_6_viv has unconnected port SINIT
WARNING: [Synth 8-3331] design c_reg_fd_v12_0_6_viv has unconnected port SSET
WARNING: [Synth 8-3331] design c_addsub_v12_0_14_lut6_legacy__parameterized7 has unconnected port add
WARNING: [Synth 8-3331] design c_addsub_v12_0_14_lut6_legacy__parameterized7 has unconnected port bypass
INFO: [Common 17-14] Message 'Synth 8-3331' appears 100 times and further instances of the messages will be disabled. Use the Tcl command set_msg_config to change the current settings.
---------------------------------------------------------------------------------
Finished RTL Elaboration : Time (s): cpu = 00:00:37 ; elapsed = 00:00:49 . Memory (MB): peak = 2785.582 ; gain = 1998.027
---------------------------------------------------------------------------------

Report Check Netlist: 
+------+------------------+-------+---------+-------+------------------+
|      |Item              |Errors |Warnings |Status |Description       |
+------+------------------+-------+---------+-------+------------------+
|1     |multi_driven_nets |      0|        0|Passed |Multi driven nets |
+------+------------------+-------+---------+-------+------------------+
---------------------------------------------------------------------------------
Start Handling Custom Attributes
---------------------------------------------------------------------------------
---------------------------------------------------------------------------------
Finished Handling Custom Attributes : Time (s): cpu = 00:00:37 ; elapsed = 00:00:50 . Memory (MB): peak = 2785.582 ; gain = 1998.027
---------------------------------------------------------------------------------
---------------------------------------------------------------------------------
Finished RTL Optimization Phase 1 : Time (s): cpu = 00:00:37 ; elapsed = 00:00:50 . Memory (MB): peak = 2785.582 ; gain = 1998.027
---------------------------------------------------------------------------------
Netlist sorting complete. Time (s): cpu = 00:00:01 ; elapsed = 00:00:00.264 . Memory (MB): peak = 2785.582 ; gain = 0.000
INFO: [Netlist 29-17] Analyzing 2427 Unisim elements for replacement
INFO: [Netlist 29-28] Unisim Transformation completed in 0 CPU seconds
INFO: [Project 1-570] Preparing netlist for logic optimization

Processing XDC Constraints
Initializing timing engine
Parsing XDC File [d:/Work/Hobby_proj/spectrum_analyzer/spectrum_analyzer.srcs/sources_1/bd/design_1/ip/design_1_xfft_0_0/design_1_xfft_0_0_ooc.xdc] for cell 'U0'
Finished Parsing XDC File [d:/Work/Hobby_proj/spectrum_analyzer/spectrum_analyzer.srcs/sources_1/bd/design_1/ip/design_1_xfft_0_0/design_1_xfft_0_0_ooc.xdc] for cell 'U0'
Parsing XDC File [D:/Work/Hobby_proj/spectrum_analyzer/spectrum_analyzer.runs/design_1_xfft_0_0_synth_1/dont_touch.xdc]
Finished Parsing XDC File [D:/Work/Hobby_proj/spectrum_analyzer/spectrum_analyzer.runs/design_1_xfft_0_0_synth_1/dont_touch.xdc]
Completed Processing XDC Constraints

Netlist sorting complete. Time (s): cpu = 00:00:00 ; elapsed = 00:00:00.009 . Memory (MB): peak = 2785.582 ; gain = 0.000
INFO: [Project 1-111] Unisim Transformation Summary:
  A total of 516 instances were transformed.
  FD => FDRE: 5 instances
  FDE => FDRE: 470 instances
  FDR => FDRE: 39 instances
  RAMB18 => RAMB18E1: 2 instances

Constraint Validation Runtime : Time (s): cpu = 00:00:01 ; elapsed = 00:00:00.228 . Memory (MB): peak = 2785.582 ; gain = 0.000
---------------------------------------------------------------------------------
Finished Constraint Validation : Time (s): cpu = 00:00:43 ; elapsed = 00:00:57 . Memory (MB): peak = 2785.582 ; gain = 1998.027
---------------------------------------------------------------------------------
---------------------------------------------------------------------------------
Start Loading Part and Timing Information
---------------------------------------------------------------------------------
Loading part: xc7z020clg400-1
---------------------------------------------------------------------------------
Finished Loading Part and Timing Information : Time (s): cpu = 00:00:43 ; elapsed = 00:00:57 . Memory (MB): peak = 2785.582 ; gain = 1998.027
---------------------------------------------------------------------------------
---------------------------------------------------------------------------------
Start Applying 'set_property' XDC Constraints
---------------------------------------------------------------------------------
Applied set_property DONT_TOUCH = true for U0. (constraint file  D:/Work/Hobby_proj/spectrum_analyzer/spectrum_analyzer.runs/design_1_xfft_0_0_synth_1/dont_touch.xdc, line 9).
---------------------------------------------------------------------------------
Finished applying 'set_property' XDC Constraints : Time (s): cpu = 00:00:43 ; elapsed = 00:00:57 . Memory (MB): peak = 2785.582 ; gain = 1998.027
---------------------------------------------------------------------------------
INFO: [Synth 8-5546] ROM "ret" won't be mapped to RAM because it is too sparse
INFO: [Synth 8-7031] Trying to map ROM "half_sincos_table" into Block RAM due to explicit "ram_style" or "rom_style" specification
INFO: [Synth 8-7031] Trying to map ROM "half_sincos_table" into Block RAM due to explicit "ram_style" or "rom_style" specification
INFO: [Synth 8-5542] Attribute ram_style/rom_style = distributed specified for ROM  "first_quarter_table". This will be implemented in logic
INFO: [Synth 8-5542] Attribute ram_style/rom_style = distributed specified for ROM  "second_quarter_table". This will be implemented in logic
INFO: [Synth 8-5542] Attribute ram_style/rom_style = distributed specified for ROM  "first_quarter_table". This will be implemented in logic
INFO: [Synth 8-5542] Attribute ram_style/rom_style = distributed specified for ROM  "second_quarter_table". This will be implemented in logic
---------------------------------------------------------------------------------
Finished RTL Optimization Phase 2 : Time (s): cpu = 00:00:46 ; elapsed = 00:01:00 . Memory (MB): peak = 2785.582 ; gain = 1998.027
---------------------------------------------------------------------------------
INFO: [Synth 8-223] decloning instance 'U0/i_synth/xfft_inst/non_floating_point.arch_d.xfft_inst/FLOW/reset_sustain.resets_4_pes[4].delay_reset_pe/tc_compare' (logic_gate) to 'U0/i_synth/xfft_inst/non_floating_point.arch_d.xfft_inst/FLOW/reset_sustain.resets_4_pes[4].delay_reset_pe/tc_compare1'
INFO: [Synth 8-223] decloning instance 'U0/i_synth/xfft_inst/non_floating_point.arch_d.xfft_inst/FLOW/reset_sustain.resets_4_pes[3].delay_reset_pe/tc_compare' (logic_gate__parameterized0) to 'U0/i_synth/xfft_inst/non_floating_point.arch_d.xfft_inst/FLOW/reset_sustain.resets_4_pes[3].delay_reset_pe/tc_compare1'
INFO: [Synth 8-223] decloning instance 'U0/i_synth/xfft_inst/non_floating_point.arch_d.xfft_inst/FLOW/reset_sustain.resets_4_pes[2].delay_reset_pe/tc_compare' (logic_gate__parameterized1) to 'U0/i_synth/xfft_inst/non_floating_point.arch_d.xfft_inst/FLOW/reset_sustain.resets_4_pes[2].delay_reset_pe/tc_compare1'
INFO: [Synth 8-223] decloning instance 'cnt_sat__parameterized2:/tc_compare' (logic_gate__parameterized2) to 'cnt_sat__parameterized2:/tc_compare1'
INFO: [Synth 8-223] decloning instance 'U0/i_synth/xfft_inst/non_floating_point.arch_d.xfft_inst/FLOW/reset_sustain.delay_reset_3/tc_compare' (logic_gate__parameterized3) to 'U0/i_synth/xfft_inst/non_floating_point.arch_d.xfft_inst/FLOW/reset_sustain.delay_reset_3/tc_compare1'
INFO: [Synth 8-223] decloning instance 'U0/i_synth/xfft_inst/non_floating_point.arch_d.xfft_inst/FLOW/reset_sustain.delay_reset_7/tc_compare' (logic_gate__parameterized4) to 'U0/i_synth/xfft_inst/non_floating_point.arch_d.xfft_inst/FLOW/reset_sustain.delay_reset_7/tc_compare1'
INFO: [Synth 8-223] decloning instance 'U0/i_synth/xfft_inst/non_floating_point.arch_d.xfft_inst/pe_gen[0].natural_order_input.PE/FB_1.BF_1/yes_nfft.bypass_reg' (shift_ram__parameterized12) to 'U0/i_synth/xfft_inst/non_floating_point.arch_d.xfft_inst/pe_gen[0].natural_order_input.PE/FB_1.BF_1/yes_nfft.bypass_1_reg'
INFO: [Synth 8-223] decloning instance 'U0/i_synth/xfft_inst/non_floating_point.arch_d.xfft_inst/pe_gen[0].natural_order_input.PE/FB_1.BF_1/yes_nfft.bypass_reg' (shift_ram__parameterized12) to 'U0/i_synth/xfft_inst/non_floating_point.arch_d.xfft_inst/pe_gen[0].natural_order_input.PE/FB_1.BF_1/yes_nfft.bypass_2_reg'
INFO: [Synth 8-223] decloning instance 'U0/i_synth/xfft_inst/non_floating_point.arch_d.xfft_inst/pe_gen[0].natural_order_input.PE/FB_1.BF_1/yes_nfft.bypass_reg' (shift_ram__parameterized12) to 'U0/i_synth/xfft_inst/non_floating_point.arch_d.xfft_inst/pe_gen[0].natural_order_input.PE/FB_1.BF_1/yes_nfft.bypass_3_reg'
INFO: [Synth 8-223] decloning instance 'U0/i_synth/xfft_inst/non_floating_point.arch_d.xfft_inst/pe_gen[0].natural_order_input.PE/hasbf2.FB_2.BF_2/yes_nfft.bypass_reg' (shift_ram__parameterized12) to 'U0/i_synth/xfft_inst/non_floating_point.arch_d.xfft_inst/pe_gen[0].natural_order_input.PE/hasbf2.FB_2.BF_2/yes_nfft.bypass_1_reg'
INFO: [Synth 8-223] decloning instance 'U0/i_synth/xfft_inst/non_floating_point.arch_d.xfft_inst/pe_gen[0].natural_order_input.PE/hasbf2.FB_2.BF_2/yes_nfft.bypass_reg' (shift_ram__parameterized12) to 'U0/i_synth/xfft_inst/non_floating_point.arch_d.xfft_inst/pe_gen[0].natural_order_input.PE/hasbf2.FB_2.BF_2/yes_nfft.bypass_2_reg'
INFO: [Synth 8-223] decloning instance 'U0/i_synth/xfft_inst/non_floating_point.arch_d.xfft_inst/pe_gen[0].natural_order_input.PE/hasbf2.FB_2.BF_2/yes_nfft.bypass_reg' (shift_ram__parameterized12) to 'U0/i_synth/xfft_inst/non_floating_point.arch_d.xfft_inst/pe_gen[0].natural_order_input.PE/hasbf2.FB_2.BF_2/yes_nfft.bypass_3_reg'
INFO: [Synth 8-223] decloning instance 'U0/i_synth/xfft_inst/non_floating_point.arch_d.xfft_inst/pe_gen[1].natural_order_input.PE/FB_1.BF_1/yes_nfft.bypass_reg' (shift_ram__parameterized12) to 'U0/i_synth/xfft_inst/non_floating_point.arch_d.xfft_inst/pe_gen[1].natural_order_input.PE/FB_1.BF_1/yes_nfft.bypass_1_reg'
INFO: [Synth 8-223] decloning instance 'U0/i_synth/xfft_inst/non_floating_point.arch_d.xfft_inst/pe_gen[1].natural_order_input.PE/FB_1.BF_1/yes_nfft.bypass_reg' (shift_ram__parameterized12) to 'U0/i_synth/xfft_inst/non_floating_point.arch_d.xfft_inst/pe_gen[1].natural_order_input.PE/FB_1.BF_1/yes_nfft.bypass_2_reg'
INFO: [Synth 8-223] decloning instance 'U0/i_synth/xfft_inst/non_floating_point.arch_d.xfft_inst/pe_gen[1].natural_order_input.PE/FB_1.BF_1/yes_nfft.bypass_reg' (shift_ram__parameterized12) to 'U0/i_synth/xfft_inst/non_floating_point.arch_d.xfft_inst/pe_gen[1].natural_order_input.PE/FB_1.BF_1/yes_nfft.bypass_3_reg'
INFO: [Synth 8-223] decloning instance 'U0/i_synth/xfft_inst/non_floating_point.arch_d.xfft_inst/pe_gen[1].natural_order_input.PE/hasbf2.FB_2.BF_2/yes_nfft.bypass_reg' (shift_ram__parameterized12) to 'U0/i_synth/xfft_inst/non_floating_point.arch_d.xfft_inst/pe_gen[1].natural_order_input.PE/hasbf2.FB_2.BF_2/yes_nfft.bypass_1_reg'
INFO: [Synth 8-223] decloning instance 'U0/i_synth/xfft_inst/non_floating_point.arch_d.xfft_inst/pe_gen[1].natural_order_input.PE/hasbf2.FB_2.BF_2/yes_nfft.bypass_reg' (shift_ram__parameterized12) to 'U0/i_synth/xfft_inst/non_floating_point.arch_d.xfft_inst/pe_gen[1].natural_order_input.PE/hasbf2.FB_2.BF_2/yes_nfft.bypass_2_reg'
INFO: [Synth 8-223] decloning instance 'U0/i_synth/xfft_inst/non_floating_point.arch_d.xfft_inst/pe_gen[1].natural_order_input.PE/hasbf2.FB_2.BF_2/yes_nfft.bypass_reg' (shift_ram__parameterized12) to 'U0/i_synth/xfft_inst/non_floating_point.arch_d.xfft_inst/pe_gen[1].natural_order_input.PE/hasbf2.FB_2.BF_2/yes_nfft.bypass_3_reg'
INFO: [Synth 8-223] decloning instance 'U0/i_synth/xfft_inst/non_floating_point.arch_d.xfft_inst/pe_gen[2].natural_order_input.PE/FB_1.BF_1/yes_nfft.bypass_reg' (shift_ram__parameterized12) to 'U0/i_synth/xfft_inst/non_floating_point.arch_d.xfft_inst/pe_gen[2].natural_order_input.PE/FB_1.BF_1/yes_nfft.bypass_1_reg'
INFO: [Synth 8-223] decloning instance 'U0/i_synth/xfft_inst/non_floating_point.arch_d.xfft_inst/pe_gen[2].natural_order_input.PE/FB_1.BF_1/yes_nfft.bypass_reg' (shift_ram__parameterized12) to 'U0/i_synth/xfft_inst/non_floating_point.arch_d.xfft_inst/pe_gen[2].natural_order_input.PE/FB_1.BF_1/yes_nfft.bypass_2_reg'
INFO: [Synth 8-223] decloning instance 'U0/i_synth/xfft_inst/non_floating_point.arch_d.xfft_inst/pe_gen[2].natural_order_input.PE/FB_1.BF_1/yes_nfft.bypass_reg' (shift_ram__parameterized12) to 'U0/i_synth/xfft_inst/non_floating_point.arch_d.xfft_inst/pe_gen[2].natural_order_input.PE/FB_1.BF_1/yes_nfft.bypass_3_reg'

Report RTL Partitions: 
+-+--------------+------------+----------+
| |RTL Partition |Replication |Instances |
+-+--------------+------------+----------+
+-+--------------+------------+----------+
---------------------------------------------------------------------------------
Start RTL Component Statistics 
---------------------------------------------------------------------------------
---------------------------------------------------------------------------------
Finished RTL Component Statistics 
---------------------------------------------------------------------------------
---------------------------------------------------------------------------------
Start RTL Hierarchical Component Statistics 
---------------------------------------------------------------------------------
---------------------------------------------------------------------------------
Finished RTL Hierarchical Component Statistics
---------------------------------------------------------------------------------
---------------------------------------------------------------------------------
Start Part Resource Summary
---------------------------------------------------------------------------------
Part Resources:
DSPs: 220 (col length:60)
BRAMs: 280 (col length: RAMB18 60 RAMB36 30)
---------------------------------------------------------------------------------
Finished Part Resource Summary
---------------------------------------------------------------------------------
---------------------------------------------------------------------------------
Start Cross Boundary and Area Optimization
---------------------------------------------------------------------------------
Warning: Parallel synthesis criteria is not met 
INFO: [Synth 8-5546] ROM "ret" won't be mapped to RAM because it is too sparse
INFO: [Synth 8-5542] Attribute ram_style/rom_style = distributed specified for ROM  "p_0_out". This will be implemented in logic
INFO: [Synth 8-5587] ROM size for "p_0_out" is below threshold of ROM address width. It will be mapped to LUTs
INFO: [Synth 8-5542] Attribute ram_style/rom_style = distributed specified for ROM  "p_0_out". This will be implemented in logic
INFO: [Synth 8-5587] ROM size for "p_0_out" is below threshold of ROM address width. It will be mapped to LUTs
INFO: [Synth 8-5542] Attribute ram_style/rom_style = distributed specified for ROM  "p_0_out". This will be implemented in logic
INFO: [Synth 8-5587] ROM size for "p_0_out" is below threshold of ROM address width. It will be mapped to LUTs
INFO: [Synth 8-5542] Attribute ram_style/rom_style = distributed specified for ROM  "p_0_out". This will be implemented in logic
INFO: [Synth 8-5587] ROM size for "p_0_out" is below threshold of ROM address width. It will be mapped to LUTs
INFO: [Synth 8-3332] Sequential element (xfft_inst/non_floating_point.arch_d.xfft_inst/FLOW/reset_sustain.resets_4_pes[4].delay_reset_pe/tc_reg1) is unused and will be removed from module xfft_v9_1_3_viv.
INFO: [Synth 8-3332] Sequential element (xfft_inst/non_floating_point.arch_d.xfft_inst/FLOW/reset_sustain.resets_4_pes[3].delay_reset_pe/tc_reg1) is unused and will be removed from module xfft_v9_1_3_viv.
INFO: [Synth 8-3332] Sequential element (xfft_inst/non_floating_point.arch_d.xfft_inst/FLOW/reset_sustain.resets_4_pes[2].delay_reset_pe/tc_reg1) is unused and will be removed from module xfft_v9_1_3_viv.
INFO: [Synth 8-3332] Sequential element (xfft_inst/non_floating_point.arch_d.xfft_inst/FLOW/reset_sustain.resets_4_pes[1].delay_reset_pe/tc_reg1) is unused and will be removed from module xfft_v9_1_3_viv.
INFO: [Synth 8-3332] Sequential element (xfft_inst/non_floating_point.arch_d.xfft_inst/FLOW/reset_sustain.resets_4_pes[0].delay_reset_pe/tc_reg1) is unused and will be removed from module xfft_v9_1_3_viv.
INFO: [Synth 8-3332] Sequential element (xfft_inst/non_floating_point.arch_d.xfft_inst/FLOW/reset_sustain.delay_reset_7/tc_reg1) is unused and will be removed from module xfft_v9_1_3_viv.
INFO: [Synth 8-3332] Sequential element (xfft_inst/non_floating_point.arch_d.xfft_inst/FLOW/has_nfft.counter_limit_reg[15].max_n_int_minus_one_ff) is unused and will be removed from module xfft_v9_1_3_viv.
INFO: [Synth 8-3332] Sequential element (xfft_inst/non_floating_point.arch_d.xfft_inst/FLOW/has_nfft.counter_limit_reg[14].max_n_int_minus_one_ff) is unused and will be removed from module xfft_v9_1_3_viv.
INFO: [Synth 8-3332] Sequential element (xfft_inst/non_floating_point.arch_d.xfft_inst/FLOW/has_nfft.counter_limit_reg[13].max_n_int_minus_one_ff) is unused and will be removed from module xfft_v9_1_3_viv.
INFO: [Synth 8-3332] Sequential element (xfft_inst/non_floating_point.arch_d.xfft_inst/FLOW/has_nfft.counter_limit_reg[12].max_n_int_minus_one_ff) is unused and will be removed from module xfft_v9_1_3_viv.
INFO: [Synth 8-3332] Sequential element (xfft_inst/non_floating_point.arch_d.xfft_inst/FLOW/has_nfft.counter_limit_reg[11].max_n_int_minus_one_ff) is unused and will be removed from module xfft_v9_1_3_viv.
INFO: [Synth 8-3332] Sequential element (xfft_inst/non_floating_point.arch_d.xfft_inst/FLOW/has_nfft.counter_limit_reg[10].max_n_int_minus_one_ff) is unused and will be removed from module xfft_v9_1_3_viv.
INFO: [Synth 8-3332] Sequential element (xfft_inst/non_floating_point.arch_d.xfft_inst/FLOW/has_nfft.counter_limit_reg[0].max_n_int_minus_one_ff) is unused and will be removed from module xfft_v9_1_3_viv.
INFO: [Synth 8-3332] Sequential element (xfft_inst/non_floating_point.arch_d.xfft_inst/FLOW/has_nfft.counter_limit_early_reg[15].max_n_int_minus_one_ff) is unused and will be removed from module xfft_v9_1_3_viv.
INFO: [Synth 8-3332] Sequential element (xfft_inst/non_floating_point.arch_d.xfft_inst/FLOW/has_nfft.counter_limit_early_reg[14].max_n_int_minus_one_ff) is unused and will be removed from module xfft_v9_1_3_viv.
INFO: [Synth 8-3332] Sequential element (xfft_inst/non_floating_point.arch_d.xfft_inst/FLOW/has_nfft.counter_limit_early_reg[13].max_n_int_minus_one_ff) is unused and will be removed from module xfft_v9_1_3_viv.
INFO: [Synth 8-3332] Sequential element (xfft_inst/non_floating_point.arch_d.xfft_inst/FLOW/has_nfft.counter_limit_early_reg[12].max_n_int_minus_one_ff) is unused and will be removed from module xfft_v9_1_3_viv.
INFO: [Synth 8-3332] Sequential element (xfft_inst/non_floating_point.arch_d.xfft_inst/FLOW/has_nfft.counter_limit_early_reg[11].max_n_int_minus_one_ff) is unused and will be removed from module xfft_v9_1_3_viv.
INFO: [Synth 8-3332] Sequential element (xfft_inst/non_floating_point.arch_d.xfft_inst/FLOW/has_nfft.counter_limit_early_reg[10].max_n_int_minus_one_ff) is unused and will be removed from module xfft_v9_1_3_viv.
INFO: [Synth 8-3332] Sequential element (xfft_inst/non_floating_point.arch_d.xfft_inst/pe_gen[0].natural_order_input.PE/has_addr_gen.next_bf1_addr_delay/no_sclr_lut.real_shift_ram.use_baseblock.use_hlutnm_srls.srl_loop[4].i_fdre0) is unused and will be removed from module xfft_v9_1_3_viv.
INFO: [Synth 8-3332] Sequential element (xfft_inst/non_floating_point.arch_d.xfft_inst/pe_gen[0].natural_order_input.PE/has_addr_gen.next_bf1_addr_delay/no_sclr_lut.real_shift_ram.use_baseblock.use_hlutnm_srls.srl_loop[4].i_fdre1) is unused and will be removed from module xfft_v9_1_3_viv.
INFO: [Synth 8-3332] Sequential element (xfft_inst/non_floating_point.arch_d.xfft_inst/pe_gen[0].natural_order_input.PE/has_scale_pipelining.pe_ovflo_delay/no_sclr_lut.real_shift_ram.use_baseblock.use_hlutnm_srls.runt_srl_loop.i_fdre) is unused and will be removed from module xfft_v9_1_3_viv.
INFO: [Synth 8-3332] Sequential element (xfft_inst/non_floating_point.arch_d.xfft_inst/pe_gen[0].natural_order_input.PE/delay_addr_tw/no_sclr_lut.real_shift_ram.use_baseblock.use_hlutnm_srls.srl_loop[4].i_fdre0) is unused and will be removed from module xfft_v9_1_3_viv.
INFO: [Synth 8-3332] Sequential element (xfft_inst/non_floating_point.arch_d.xfft_inst/pe_gen[0].natural_order_input.PE/delay_addr_tw/no_sclr_lut.real_shift_ram.use_baseblock.use_hlutnm_srls.srl_loop[4].i_fdre1) is unused and will be removed from module xfft_v9_1_3_viv.
INFO: [Synth 8-3332] Sequential element (xfft_inst/non_floating_point.arch_d.xfft_inst/pe_gen[0].natural_order_input.PE/scaling2bits.scaler_re/scale_mux/four_inputs.use_lut6.no_lut_sclr.four_to_one_mux[26].latency1.reg) is unused and will be removed from module xfft_v9_1_3_viv.
INFO: [Synth 8-3332] Sequential element (xfft_inst/non_floating_point.arch_d.xfft_inst/pe_gen[0].natural_order_input.PE/scaling2bits.scaler_re/scale_mux/four_inputs.use_lut6.no_lut_sclr.four_to_one_mux[25].latency1.reg) is unused and will be removed from module xfft_v9_1_3_viv.
INFO: [Synth 8-3332] Sequential element (xfft_inst/non_floating_point.arch_d.xfft_inst/pe_gen[0].natural_order_input.PE/scaling2bits.scaler_re/scale_mux/four_inputs.use_lut6.no_lut_sclr.four_to_one_mux[24].latency1.reg) is unused and will be removed from module xfft_v9_1_3_viv.
INFO: [Synth 8-3332] Sequential element (xfft_inst/non_floating_point.arch_d.xfft_inst/pe_gen[0].natural_order_input.PE/scaling2bits.scaler_re/scale_mux/four_inputs.use_lut6.no_lut_sclr.four_to_one_mux[7].latency1.reg) is unused and will be removed from module xfft_v9_1_3_viv.
INFO: [Synth 8-3332] Sequential element (xfft_inst/non_floating_point.arch_d.xfft_inst/pe_gen[0].natural_order_input.PE/scaling2bits.scaler_re/scale_mux/four_inputs.use_lut6.no_lut_sclr.four_to_one_mux[6].latency1.reg) is unused and will be removed from module xfft_v9_1_3_viv.
INFO: [Synth 8-3332] Sequential element (xfft_inst/non_floating_point.arch_d.xfft_inst/pe_gen[0].natural_order_input.PE/scaling2bits.scaler_re/scale_mux/four_inputs.use_lut6.no_lut_sclr.four_to_one_mux[5].latency1.reg) is unused and will be removed from module xfft_v9_1_3_viv.
INFO: [Synth 8-3332] Sequential element (xfft_inst/non_floating_point.arch_d.xfft_inst/pe_gen[0].natural_order_input.PE/scaling2bits.scaler_re/scale_mux/four_inputs.use_lut6.no_lut_sclr.four_to_one_mux[4].latency1.reg) is unused and will be removed from module xfft_v9_1_3_viv.
INFO: [Synth 8-3332] Sequential element (xfft_inst/non_floating_point.arch_d.xfft_inst/pe_gen[0].natural_order_input.PE/scaling2bits.scaler_re/scale_mux/four_inputs.use_lut6.no_lut_sclr.four_to_one_mux[3].latency1.reg) is unused and will be removed from module xfft_v9_1_3_viv.
INFO: [Synth 8-3332] Sequential element (xfft_inst/non_floating_point.arch_d.xfft_inst/pe_gen[0].natural_order_input.PE/scaling2bits.scaler_re/scale_mux/four_inputs.use_lut6.no_lut_sclr.four_to_one_mux[2].latency1.reg) is unused and will be removed from module xfft_v9_1_3_viv.
INFO: [Synth 8-3332] Sequential element (xfft_inst/non_floating_point.arch_d.xfft_inst/pe_gen[0].natural_order_input.PE/scaling2bits.scaler_re/scale_mux/four_inputs.use_lut6.no_lut_sclr.four_to_one_mux[1].latency1.reg) is unused and will be removed from module xfft_v9_1_3_viv.
INFO: [Synth 8-3332] Sequential element (xfft_inst/non_floating_point.arch_d.xfft_inst/pe_gen[0].natural_order_input.PE/scaling2bits.scaler_re/scale_mux/four_inputs.use_lut6.no_lut_sclr.four_to_one_mux[0].latency1.reg) is unused and will be removed from module xfft_v9_1_3_viv.
INFO: [Synth 8-3332] Sequential element (xfft_inst/non_floating_point.arch_d.xfft_inst/pe_gen[0].natural_order_input.PE/scaling2bits.scaler_im/scale_mux/four_inputs.use_lut6.no_lut_sclr.four_to_one_mux[26].latency1.reg) is unused and will be removed from module xfft_v9_1_3_viv.
INFO: [Synth 8-3332] Sequential element (xfft_inst/non_floating_point.arch_d.xfft_inst/pe_gen[0].natural_order_input.PE/scaling2bits.scaler_im/scale_mux/four_inputs.use_lut6.no_lut_sclr.four_to_one_mux[25].latency1.reg) is unused and will be removed from module xfft_v9_1_3_viv.
INFO: [Synth 8-3332] Sequential element (xfft_inst/non_floating_point.arch_d.xfft_inst/pe_gen[0].natural_order_input.PE/scaling2bits.scaler_im/scale_mux/four_inputs.use_lut6.no_lut_sclr.four_to_one_mux[24].latency1.reg) is unused and will be removed from module xfft_v9_1_3_viv.
INFO: [Synth 8-3332] Sequential element (xfft_inst/non_floating_point.arch_d.xfft_inst/pe_gen[0].natural_order_input.PE/scaling2bits.scaler_im/scale_mux/four_inputs.use_lut6.no_lut_sclr.four_to_one_mux[7].latency1.reg) is unused and will be removed from module xfft_v9_1_3_viv.
INFO: [Synth 8-3332] Sequential element (xfft_inst/non_floating_point.arch_d.xfft_inst/pe_gen[0].natural_order_input.PE/scaling2bits.scaler_im/scale_mux/four_inputs.use_lut6.no_lut_sclr.four_to_one_mux[6].latency1.reg) is unused and will be removed from module xfft_v9_1_3_viv.
INFO: [Synth 8-3332] Sequential element (xfft_inst/non_floating_point.arch_d.xfft_inst/pe_gen[0].natural_order_input.PE/scaling2bits.scaler_im/scale_mux/four_inputs.use_lut6.no_lut_sclr.four_to_one_mux[5].latency1.reg) is unused and will be removed from module xfft_v9_1_3_viv.
INFO: [Synth 8-3332] Sequential element (xfft_inst/non_floating_point.arch_d.xfft_inst/pe_gen[0].natural_order_input.PE/scaling2bits.scaler_im/scale_mux/four_inputs.use_lut6.no_lut_sclr.four_to_one_mux[4].latency1.reg) is unused and will be removed from module xfft_v9_1_3_viv.
INFO: [Synth 8-3332] Sequential element (xfft_inst/non_floating_point.arch_d.xfft_inst/pe_gen[0].natural_order_input.PE/scaling2bits.scaler_im/scale_mux/four_inputs.use_lut6.no_lut_sclr.four_to_one_mux[3].latency1.reg) is unused and will be removed from module xfft_v9_1_3_viv.
INFO: [Synth 8-3332] Sequential element (xfft_inst/non_floating_point.arch_d.xfft_inst/pe_gen[0].natural_order_input.PE/scaling2bits.scaler_im/scale_mux/four_inputs.use_lut6.no_lut_sclr.four_to_one_mux[2].latency1.reg) is unused and will be removed from module xfft_v9_1_3_viv.
INFO: [Synth 8-3332] Sequential element (xfft_inst/non_floating_point.arch_d.xfft_inst/pe_gen[0].natural_order_input.PE/scaling2bits.scaler_im/scale_mux/four_inputs.use_lut6.no_lut_sclr.four_to_one_mux[1].latency1.reg) is unused and will be removed from module xfft_v9_1_3_viv.
INFO: [Synth 8-3332] Sequential element (xfft_inst/non_floating_point.arch_d.xfft_inst/pe_gen[0].natural_order_input.PE/scaling2bits.scaler_im/scale_mux/four_inputs.use_lut6.no_lut_sclr.four_to_one_mux[0].latency1.reg) is unused and will be removed from module xfft_v9_1_3_viv.
INFO: [Synth 8-3332] Sequential element (xfft_inst/non_floating_point.arch_d.xfft_inst/pe_gen[1].natural_order_input.PE/has_addr_gen.next_bf1_addr_delay/no_sclr_lut.real_shift_ram.use_baseblock.use_hlutnm_srls.srl_loop[0].i_fdre0) is unused and will be removed from module xfft_v9_1_3_viv.
INFO: [Synth 8-3332] Sequential element (xfft_inst/non_floating_point.arch_d.xfft_inst/pe_gen[1].natural_order_input.PE/has_addr_gen.next_bf1_addr_delay/no_sclr_lut.real_shift_ram.use_baseblock.use_hlutnm_srls.srl_loop[0].i_fdre1) is unused and will be removed from module xfft_v9_1_3_viv.
INFO: [Synth 8-3332] Sequential element (xfft_inst/non_floating_point.arch_d.xfft_inst/pe_gen[1].natural_order_input.PE/has_addr_gen.next_bf1_addr_delay/no_sclr_lut.real_shift_ram.use_baseblock.use_hlutnm_srls.srl_loop[1].i_fdre0) is unused and will be removed from module xfft_v9_1_3_viv.
INFO: [Synth 8-3332] Sequential element (xfft_inst/non_floating_point.arch_d.xfft_inst/pe_gen[1].natural_order_input.PE/has_addr_gen.next_bf1_addr_delay/no_sclr_lut.real_shift_ram.use_baseblock.use_hlutnm_srls.srl_loop[1].i_fdre1) is unused and will be removed from module xfft_v9_1_3_viv.
INFO: [Synth 8-3332] Sequential element (xfft_inst/non_floating_point.arch_d.xfft_inst/pe_gen[1].natural_order_input.PE/has_addr_gen.next_bf1_addr_delay/no_sclr_lut.real_shift_ram.use_baseblock.use_hlutnm_srls.srl_loop[3].i_fdre0) is unused and will be removed from module xfft_v9_1_3_viv.
INFO: [Synth 8-3332] Sequential element (xfft_inst/non_floating_point.arch_d.xfft_inst/pe_gen[1].natural_order_input.PE/has_addr_gen.next_bf1_addr_delay/no_sclr_lut.real_shift_ram.use_baseblock.use_hlutnm_srls.srl_loop[3].i_fdre1) is unused and will be removed from module xfft_v9_1_3_viv.
INFO: [Synth 8-3332] Sequential element (xfft_inst/non_floating_point.arch_d.xfft_inst/pe_gen[1].natural_order_input.PE/has_scale_pipelining.pe_ovflo_delay/no_sclr_lut.real_shift_ram.use_baseblock.use_hlutnm_srls.runt_srl_loop.i_fdre) is unused and will be removed from module xfft_v9_1_3_viv.
INFO: [Synth 8-3332] Sequential element (xfft_inst/non_floating_point.arch_d.xfft_inst/pe_gen[1].natural_order_input.PE/delay_addr_bf2/no_sclr_lut.real_shift_ram.use_baseblock.use_hlutnm_srls.srl_loop[0].i_fdre0) is unused and will be removed from module xfft_v9_1_3_viv.
INFO: [Synth 8-3332] Sequential element (xfft_inst/non_floating_point.arch_d.xfft_inst/pe_gen[1].natural_order_input.PE/delay_addr_bf2/no_sclr_lut.real_shift_ram.use_baseblock.use_hlutnm_srls.srl_loop[0].i_fdre1) is unused and will be removed from module xfft_v9_1_3_viv.
INFO: [Synth 8-3332] Sequential element (xfft_inst/non_floating_point.arch_d.xfft_inst/pe_gen[1].natural_order_input.PE/delay_addr_bf2/no_sclr_lut.real_shift_ram.use_baseblock.use_hlutnm_srls.srl_loop[1].i_fdre0) is unused and will be removed from module xfft_v9_1_3_viv.
INFO: [Synth 8-3332] Sequential element (xfft_inst/non_floating_point.arch_d.xfft_inst/pe_gen[1].natural_order_input.PE/delay_addr_bf2/no_sclr_lut.real_shift_ram.use_baseblock.use_hlutnm_srls.srl_loop[1].i_fdre1) is unused and will be removed from module xfft_v9_1_3_viv.
INFO: [Synth 8-3332] Sequential element (xfft_inst/non_floating_point.arch_d.xfft_inst/pe_gen[1].natural_order_input.PE/delay_addr_bf2/no_sclr_lut.real_shift_ram.use_baseblock.use_hlutnm_srls.srl_loop[2].i_fdre0) is unused and will be removed from module xfft_v9_1_3_viv.
INFO: [Synth 8-3332] Sequential element (xfft_inst/non_floating_point.arch_d.xfft_inst/pe_gen[1].natural_order_input.PE/delay_addr_tw/no_sclr_lut.real_shift_ram.use_baseblock.use_hlutnm_srls.srl_loop[0].i_fdre0) is unused and will be removed from module xfft_v9_1_3_viv.
INFO: [Synth 8-3332] Sequential element (xfft_inst/non_floating_point.arch_d.xfft_inst/pe_gen[1].natural_order_input.PE/delay_addr_tw/no_sclr_lut.real_shift_ram.use_baseblock.use_hlutnm_srls.srl_loop[0].i_fdre1) is unused and will be removed from module xfft_v9_1_3_viv.
INFO: [Synth 8-3332] Sequential element (xfft_inst/non_floating_point.arch_d.xfft_inst/pe_gen[1].natural_order_input.PE/delay_addr_tw/no_sclr_lut.real_shift_ram.use_baseblock.use_hlutnm_srls.srl_loop[1].i_fdre0) is unused and will be removed from module xfft_v9_1_3_viv.
INFO: [Synth 8-3332] Sequential element (xfft_inst/non_floating_point.arch_d.xfft_inst/pe_gen[1].natural_order_input.PE/delay_addr_tw/no_sclr_lut.real_shift_ram.use_baseblock.use_hlutnm_srls.srl_loop[1].i_fdre1) is unused and will be removed from module xfft_v9_1_3_viv.
INFO: [Synth 8-3332] Sequential element (xfft_inst/non_floating_point.arch_d.xfft_inst/pe_gen[1].natural_order_input.PE/delay_addr_tw/no_sclr_lut.real_shift_ram.use_baseblock.use_hlutnm_srls.srl_loop[2].i_fdre0) is unused and will be removed from module xfft_v9_1_3_viv.
INFO: [Synth 8-3332] Sequential element (xfft_inst/non_floating_point.arch_d.xfft_inst/pe_gen[1].natural_order_input.PE/delay_addr_tw/no_sclr_lut.real_shift_ram.use_baseblock.use_hlutnm_srls.srl_loop[2].i_fdre1) is unused and will be removed from module xfft_v9_1_3_viv.
INFO: [Synth 8-3332] Sequential element (xfft_inst/non_floating_point.arch_d.xfft_inst/pe_gen[1].natural_order_input.PE/delay_addr_tw/no_sclr_lut.real_shift_ram.use_baseblock.use_hlutnm_srls.srl_loop[3].i_fdre0) is unused and will be removed from module xfft_v9_1_3_viv.
INFO: [Synth 8-3332] Sequential element (xfft_inst/non_floating_point.arch_d.xfft_inst/pe_gen[1].natural_order_input.PE/delay_addr_tw/no_sclr_lut.real_shift_ram.use_baseblock.use_hlutnm_srls.srl_loop[3].i_fdre1) is unused and will be removed from module xfft_v9_1_3_viv.
INFO: [Synth 8-3332] Sequential element (xfft_inst/non_floating_point.arch_d.xfft_inst/pe_gen[1].natural_order_input.PE/hasbf2.FB_2.BF_2/wr_addr_del/no_sclr_lut.real_shift_ram.use_baseblock.use_hlutnm_srls.srl_loop[0].i_fdre0) is unused and will be removed from module xfft_v9_1_3_viv.
INFO: [Synth 8-3332] Sequential element (xfft_inst/non_floating_point.arch_d.xfft_inst/pe_gen[1].natural_order_input.PE/hasbf2.FB_2.BF_2/wr_addr_del/no_sclr_lut.real_shift_ram.use_baseblock.use_hlutnm_srls.srl_loop[0].i_fdre1) is unused and will be removed from module xfft_v9_1_3_viv.
INFO: [Synth 8-3332] Sequential element (xfft_inst/non_floating_point.arch_d.xfft_inst/pe_gen[1].natural_order_input.PE/hasbf2.FB_2.BF_2/wr_addr_del/no_sclr_lut.real_shift_ram.use_baseblock.use_hlutnm_srls.srl_loop[1].i_fdre0) is unused and will be removed from module xfft_v9_1_3_viv.
INFO: [Synth 8-3332] Sequential element (xfft_inst/non_floating_point.arch_d.xfft_inst/pe_gen[1].natural_order_input.PE/hasbf2.FB_2.BF_2/wr_addr_del/no_sclr_lut.real_shift_ram.use_baseblock.use_hlutnm_srls.srl_loop[1].i_fdre1) is unused and will be removed from module xfft_v9_1_3_viv.
INFO: [Synth 8-3332] Sequential element (xfft_inst/non_floating_point.arch_d.xfft_inst/pe_gen[1].natural_order_input.PE/hasbf2.FB_2.BF_2/wr_addr_del/no_sclr_lut.real_shift_ram.use_baseblock.use_hlutnm_srls.srl_loop[2].i_fdre0) is unused and will be removed from module xfft_v9_1_3_viv.
INFO: [Synth 8-3332] Sequential element (xfft_inst/non_floating_point.arch_d.xfft_inst/pe_gen[1].natural_order_input.PE/hasbf2.FB_2.BF_2/wr_addr_del/no_sclr_lut.real_shift_ram.use_baseblock.use_hlutnm_srls.srl_loop[2].i_fdre1) is unused and will be removed from module xfft_v9_1_3_viv.
INFO: [Synth 8-3332] Sequential element (xfft_inst/non_floating_point.arch_d.xfft_inst/pe_gen[1].natural_order_input.PE/scaling2bits.scaler_re/scale_mux/four_inputs.use_lut6.no_lut_sclr.four_to_one_mux[26].latency1.reg) is unused and will be removed from module xfft_v9_1_3_viv.
INFO: [Synth 8-3332] Sequential element (xfft_inst/non_floating_point.arch_d.xfft_inst/pe_gen[1].natural_order_input.PE/scaling2bits.scaler_re/scale_mux/four_inputs.use_lut6.no_lut_sclr.four_to_one_mux[25].latency1.reg) is unused and will be removed from module xfft_v9_1_3_viv.
INFO: [Synth 8-3332] Sequential element (xfft_inst/non_floating_point.arch_d.xfft_inst/pe_gen[1].natural_order_input.PE/scaling2bits.scaler_re/scale_mux/four_inputs.use_lut6.no_lut_sclr.four_to_one_mux[24].latency1.reg) is unused and will be removed from module xfft_v9_1_3_viv.
INFO: [Synth 8-3332] Sequential element (xfft_inst/non_floating_point.arch_d.xfft_inst/pe_gen[1].natural_order_input.PE/scaling2bits.scaler_re/scale_mux/four_inputs.use_lut6.no_lut_sclr.four_to_one_mux[7].latency1.reg) is unused and will be removed from module xfft_v9_1_3_viv.
INFO: [Synth 8-3332] Sequential element (xfft_inst/non_floating_point.arch_d.xfft_inst/pe_gen[1].natural_order_input.PE/scaling2bits.scaler_re/scale_mux/four_inputs.use_lut6.no_lut_sclr.four_to_one_mux[6].latency1.reg) is unused and will be removed from module xfft_v9_1_3_viv.
INFO: [Synth 8-3332] Sequential element (xfft_inst/non_floating_point.arch_d.xfft_inst/pe_gen[1].natural_order_input.PE/scaling2bits.scaler_re/scale_mux/four_inputs.use_lut6.no_lut_sclr.four_to_one_mux[5].latency1.reg) is unused and will be removed from module xfft_v9_1_3_viv.
INFO: [Synth 8-3332] Sequential element (xfft_inst/non_floating_point.arch_d.xfft_inst/pe_gen[1].natural_order_input.PE/scaling2bits.scaler_re/scale_mux/four_inputs.use_lut6.no_lut_sclr.four_to_one_mux[4].latency1.reg) is unused and will be removed from module xfft_v9_1_3_viv.
INFO: [Synth 8-3332] Sequential element (xfft_inst/non_floating_point.arch_d.xfft_inst/pe_gen[1].natural_order_input.PE/scaling2bits.scaler_re/scale_mux/four_inputs.use_lut6.no_lut_sclr.four_to_one_mux[3].latency1.reg) is unused and will be removed from module xfft_v9_1_3_viv.
INFO: [Synth 8-3332] Sequential element (xfft_inst/non_floating_point.arch_d.xfft_inst/pe_gen[1].natural_order_input.PE/scaling2bits.scaler_re/scale_mux/four_inputs.use_lut6.no_lut_sclr.four_to_one_mux[2].latency1.reg) is unused and will be removed from module xfft_v9_1_3_viv.
INFO: [Synth 8-3332] Sequential element (xfft_inst/non_floating_point.arch_d.xfft_inst/pe_gen[1].natural_order_input.PE/scaling2bits.scaler_re/scale_mux/four_inputs.use_lut6.no_lut_sclr.four_to_one_mux[1].latency1.reg) is unused and will be removed from module xfft_v9_1_3_viv.
INFO: [Synth 8-3332] Sequential element (xfft_inst/non_floating_point.arch_d.xfft_inst/pe_gen[1].natural_order_input.PE/scaling2bits.scaler_re/scale_mux/four_inputs.use_lut6.no_lut_sclr.four_to_one_mux[0].latency1.reg) is unused and will be removed from module xfft_v9_1_3_viv.
INFO: [Synth 8-3332] Sequential element (xfft_inst/non_floating_point.arch_d.xfft_inst/pe_gen[1].natural_order_input.PE/scaling2bits.scaler_im/scale_mux/four_inputs.use_lut6.no_lut_sclr.four_to_one_mux[26].latency1.reg) is unused and will be removed from module xfft_v9_1_3_viv.
INFO: [Synth 8-3332] Sequential element (xfft_inst/non_floating_point.arch_d.xfft_inst/pe_gen[1].natural_order_input.PE/scaling2bits.scaler_im/scale_mux/four_inputs.use_lut6.no_lut_sclr.four_to_one_mux[25].latency1.reg) is unused and will be removed from module xfft_v9_1_3_viv.
INFO: [Synth 8-3332] Sequential element (xfft_inst/non_floating_point.arch_d.xfft_inst/pe_gen[1].natural_order_input.PE/scaling2bits.scaler_im/scale_mux/four_inputs.use_lut6.no_lut_sclr.four_to_one_mux[24].latency1.reg) is unused and will be removed from module xfft_v9_1_3_viv.
INFO: [Synth 8-3332] Sequential element (xfft_inst/non_floating_point.arch_d.xfft_inst/pe_gen[1].natural_order_input.PE/scaling2bits.scaler_im/scale_mux/four_inputs.use_lut6.no_lut_sclr.four_to_one_mux[7].latency1.reg) is unused and will be removed from module xfft_v9_1_3_viv.
INFO: [Synth 8-3332] Sequential element (xfft_inst/non_floating_point.arch_d.xfft_inst/pe_gen[1].natural_order_input.PE/scaling2bits.scaler_im/scale_mux/four_inputs.use_lut6.no_lut_sclr.four_to_one_mux[6].latency1.reg) is unused and will be removed from module xfft_v9_1_3_viv.
INFO: [Synth 8-3332] Sequential element (xfft_inst/non_floating_point.arch_d.xfft_inst/pe_gen[1].natural_order_input.PE/scaling2bits.scaler_im/scale_mux/four_inputs.use_lut6.no_lut_sclr.four_to_one_mux[5].latency1.reg) is unused and will be removed from module xfft_v9_1_3_viv.
INFO: [Synth 8-3332] Sequential element (xfft_inst/non_floating_point.arch_d.xfft_inst/pe_gen[1].natural_order_input.PE/scaling2bits.scaler_im/scale_mux/four_inputs.use_lut6.no_lut_sclr.four_to_one_mux[4].latency1.reg) is unused and will be removed from module xfft_v9_1_3_viv.
INFO: [Synth 8-3332] Sequential element (xfft_inst/non_floating_point.arch_d.xfft_inst/pe_gen[1].natural_order_input.PE/scaling2bits.scaler_im/scale_mux/four_inputs.use_lut6.no_lut_sclr.four_to_one_mux[3].latency1.reg) is unused and will be removed from module xfft_v9_1_3_viv.
INFO: [Synth 8-3332] Sequential element (xfft_inst/non_floating_point.arch_d.xfft_inst/pe_gen[1].natural_order_input.PE/scaling2bits.scaler_im/scale_mux/four_inputs.use_lut6.no_lut_sclr.four_to_one_mux[2].latency1.reg) is unused and will be removed from module xfft_v9_1_3_viv.
INFO: [Synth 8-3332] Sequential element (xfft_inst/non_floating_point.arch_d.xfft_inst/pe_gen[1].natural_order_input.PE/scaling2bits.scaler_im/scale_mux/four_inputs.use_lut6.no_lut_sclr.four_to_one_mux[1].latency1.reg) is unused and will be removed from module xfft_v9_1_3_viv.
INFO: [Synth 8-3332] Sequential element (xfft_inst/non_floating_point.arch_d.xfft_inst/pe_gen[1].natural_order_input.PE/scaling2bits.scaler_im/scale_mux/four_inputs.use_lut6.no_lut_sclr.four_to_one_mux[0].latency1.reg) is unused and will be removed from module xfft_v9_1_3_viv.
INFO: [Synth 8-3332] Sequential element (xfft_inst/non_floating_point.arch_d.xfft_inst/pe_gen[2].natural_order_input.PE/delay_addr_bf2/no_sclr_lut.real_shift_ram.use_baseblock.use_hlutnm_srls.srl_loop[0].i_fdre0) is unused and will be removed from module xfft_v9_1_3_viv.
INFO: [Synth 8-3332] Sequential element (xfft_inst/non_floating_point.arch_d.xfft_inst/pe_gen[2].natural_order_input.PE/delay_addr_bf2/no_sclr_lut.real_shift_ram.use_baseblock.use_hlutnm_srls.srl_loop[0].i_fdre1) is unused and will be removed from module xfft_v9_1_3_viv.
INFO: [Synth 8-3332] Sequential element (xfft_inst/non_floating_point.arch_d.xfft_inst/pe_gen[2].natural_order_input.PE/delay_addr_bf2/no_sclr_lut.real_shift_ram.use_baseblock.use_hlutnm_srls.srl_loop[1].i_fdre0) is unused and will be removed from module xfft_v9_1_3_viv.
INFO: [Synth 8-3332] Sequential element (xfft_inst/non_floating_point.arch_d.xfft_inst/pe_gen[2].natural_order_input.PE/delay_addr_tw/no_sclr_lut.real_shift_ram.use_baseblock.use_hlutnm_srls.srl_loop[0].i_fdre0) is unused and will be removed from module xfft_v9_1_3_viv.
INFO: [Synth 8-3332] Sequential element (xfft_inst/non_floating_point.arch_d.xfft_inst/pe_gen[2].natural_order_input.PE/delay_addr_tw/no_sclr_lut.real_shift_ram.use_baseblock.use_hlutnm_srls.srl_loop[0].i_fdre1) is unused and will be removed from module xfft_v9_1_3_viv.
INFO: [Synth 8-3332] Sequential element (xfft_inst/non_floating_point.arch_d.xfft_inst/pe_gen[2].natural_order_input.PE/delay_addr_tw/no_sclr_lut.real_shift_ram.use_baseblock.use_hlutnm_srls.srl_loop[1].i_fdre0) is unused and will be removed from module xfft_v9_1_3_viv.
INFO: [Common 17-14] Message 'Synth 8-3332' appears 100 times and further instances of the messages will be disabled. Use the Tcl command set_msg_config to change the current settings.
INFO: [Synth 8-3886] merging instance 'U0/i_synth/xfft_inst/non_floating_point.arch_d.xfft_inst/pe_gen[0].natural_order_input.PE/has_TW_mult.MULT/i_cmpy/three_mult_structure.use_dsp.i_dsp48/dsp_preadder_1.reg_mult1_preadd_d/dN.std_srl.shift_reg_reg[0][16]' (FD) to 'U0/i_synth/xfft_inst/non_floating_point.arch_d.xfft_inst/pe_gen[0].natural_order_input.PE/has_TW_mult.MULT/i_cmpy/three_mult_structure.use_dsp.i_dsp48/dsp_preadder_1.reg_mult1_preadd_d/dN.std_srl.shift_reg_reg[0][17]'
INFO: [Synth 8-3886] merging instance 'U0/i_synth/xfft_inst/non_floating_point.arch_d.xfft_inst/pe_gen[0].natural_order_input.PE/has_TW_mult.MULT/i_cmpy/three_mult_structure.use_dsp.i_dsp48/dsp_preadder_1.reg_mult1_preadd_d/dN.std_srl.shift_reg_reg[0][17]' (FD) to 'U0/i_synth/xfft_inst/non_floating_point.arch_d.xfft_inst/pe_gen[0].natural_order_input.PE/has_TW_mult.MULT/i_cmpy/three_mult_structure.use_dsp.i_dsp48/dsp_preadder_1.reg_mult1_preadd_d/dN.std_srl.shift_reg_reg[0][18]'
INFO: [Synth 8-3886] merging instance 'U0/i_synth/xfft_inst/non_floating_point.arch_d.xfft_inst/pe_gen[0].natural_order_input.PE/has_TW_mult.MULT/i_cmpy/three_mult_structure.use_dsp.i_dsp48/dsp_preadder_1.reg_mult1_preadd_d/dN.std_srl.shift_reg_reg[0][18]' (FD) to 'U0/i_synth/xfft_inst/non_floating_point.arch_d.xfft_inst/pe_gen[0].natural_order_input.PE/has_TW_mult.MULT/i_cmpy/three_mult_structure.use_dsp.i_dsp48/dsp_preadder_1.reg_mult1_preadd_d/dN.std_srl.shift_reg_reg[0][19]'
INFO: [Synth 8-3886] merging instance 'U0/i_synth/xfft_inst/non_floating_point.arch_d.xfft_inst/pe_gen[0].natural_order_input.PE/has_TW_mult.MULT/i_cmpy/three_mult_structure.use_dsp.i_dsp48/dsp_preadder_1.reg_mult1_preadd_d/dN.std_srl.shift_reg_reg[0][19]' (FD) to 'U0/i_synth/xfft_inst/non_floating_point.arch_d.xfft_inst/pe_gen[0].natural_order_input.PE/has_TW_mult.MULT/i_cmpy/three_mult_structure.use_dsp.i_dsp48/dsp_preadder_1.reg_mult1_preadd_d/dN.std_srl.shift_reg_reg[0][20]'
INFO: [Synth 8-3886] merging instance 'U0/i_synth/xfft_inst/non_floating_point.arch_d.xfft_inst/pe_gen[0].natural_order_input.PE/has_TW_mult.MULT/i_cmpy/three_mult_structure.use_dsp.i_dsp48/dsp_preadder_1.reg_mult1_preadd_d/dN.std_srl.shift_reg_reg[0][20]' (FD) to 'U0/i_synth/xfft_inst/non_floating_point.arch_d.xfft_inst/pe_gen[0].natural_order_input.PE/has_TW_mult.MULT/i_cmpy/three_mult_structure.use_dsp.i_dsp48/dsp_preadder_1.reg_mult1_preadd_d/dN.std_srl.shift_reg_reg[0][21]'
INFO: [Synth 8-3886] merging instance 'U0/i_synth/xfft_inst/non_floating_point.arch_d.xfft_inst/pe_gen[0].natural_order_input.PE/has_TW_mult.MULT/i_cmpy/three_mult_structure.use_dsp.i_dsp48/dsp_preadder_1.reg_mult1_preadd_d/dN.std_srl.shift_reg_reg[0][21]' (FD) to 'U0/i_synth/xfft_inst/non_floating_point.arch_d.xfft_inst/pe_gen[0].natural_order_input.PE/has_TW_mult.MULT/i_cmpy/three_mult_structure.use_dsp.i_dsp48/dsp_preadder_1.reg_mult1_preadd_d/dN.std_srl.shift_reg_reg[0][22]'
INFO: [Synth 8-3886] merging instance 'U0/i_synth/xfft_inst/non_floating_point.arch_d.xfft_inst/pe_gen[0].natural_order_input.PE/has_TW_mult.MULT/i_cmpy/three_mult_structure.use_dsp.i_dsp48/dsp_preadder_1.reg_mult1_preadd_d/dN.std_srl.shift_reg_reg[0][22]' (FD) to 'U0/i_synth/xfft_inst/non_floating_point.arch_d.xfft_inst/pe_gen[0].natural_order_input.PE/has_TW_mult.MULT/i_cmpy/three_mult_structure.use_dsp.i_dsp48/dsp_preadder_1.reg_mult1_preadd_d/dN.std_srl.shift_reg_reg[0][23]'
INFO: [Synth 8-3886] merging instance 'U0/i_synth/xfft_inst/non_floating_point.arch_d.xfft_inst/pe_gen[0].natural_order_input.PE/has_TW_mult.MULT/i_cmpy/three_mult_structure.use_dsp.i_dsp48/dsp_preadder_1.reg_mult1_preadd_d/dN.std_srl.shift_reg_reg[0][23]' (FD) to 'U0/i_synth/xfft_inst/non_floating_point.arch_d.xfft_inst/pe_gen[0].natural_order_input.PE/has_TW_mult.MULT/i_cmpy/three_mult_structure.use_dsp.i_dsp48/dsp_preadder_1.reg_mult1_preadd_d/dN.std_srl.shift_reg_reg[0][24]'
INFO: [Synth 8-3886] merging instance 'U0/i_synth/xfft_inst/non_floating_point.arch_d.xfft_inst/pe_gen[0].natural_order_input.PE/has_TW_mult.MULT/i_cmpy/three_mult_structure.use_dsp.i_dsp48/mult1_preadder_d_plus_a.mult1/mult/use_prim.iAdelx[0].iAdely[0].use_delay_line.Adelay/d1.dout_i_reg[0]' (FD) to 'U0/i_synth/xfft_inst/non_floating_point.arch_d.xfft_inst/pe_gen[0].natural_order_input.PE/has_TW_mult.MULT/i_cmpy/three_mult_structure.use_dsp.i_dsp48/mult3_preadder_d_minus_a.mult3/mult/use_prim.iAdelx[0].iAdely[0].use_delay_line.Adelay/d1.dout_i_reg[0]'
INFO: [Synth 8-3886] merging instance 'U0/i_synth/xfft_inst/non_floating_point.arch_d.xfft_inst/pe_gen[0].natural_order_input.PE/has_TW_mult.MULT/i_cmpy/three_mult_structure.use_dsp.i_dsp48/mult1_preadder_d_plus_a.mult1/mult/use_prim.iAdelx[0].iAdely[0].use_delay_line.Adelay/d1.dout_i_reg[1]' (FD) to 'U0/i_synth/xfft_inst/non_floating_point.arch_d.xfft_inst/pe_gen[0].natural_order_input.PE/has_TW_mult.MULT/i_cmpy/three_mult_structure.use_dsp.i_dsp48/mult3_preadder_d_minus_a.mult3/mult/use_prim.iAdelx[0].iAdely[0].use_delay_line.Adelay/d1.dout_i_reg[1]'
INFO: [Synth 8-3886] merging instance 'U0/i_synth/xfft_inst/non_floating_point.arch_d.xfft_inst/pe_gen[0].natural_order_input.PE/has_TW_mult.MULT/i_cmpy/three_mult_structure.use_dsp.i_dsp48/mult1_preadder_d_plus_a.mult1/mult/use_prim.iAdelx[0].iAdely[0].use_delay_line.Adelay/d1.dout_i_reg[2]' (FD) to 'U0/i_synth/xfft_inst/non_floating_point.arch_d.xfft_inst/pe_gen[0].natural_order_input.PE/has_TW_mult.MULT/i_cmpy/three_mult_structure.use_dsp.i_dsp48/mult3_preadder_d_minus_a.mult3/mult/use_prim.iAdelx[0].iAdely[0].use_delay_line.Adelay/d1.dout_i_reg[2]'
INFO: [Synth 8-3886] merging instance 'U0/i_synth/xfft_inst/non_floating_point.arch_d.xfft_inst/pe_gen[0].natural_order_input.PE/has_TW_mult.MULT/i_cmpy/three_mult_structure.use_dsp.i_dsp48/mult1_preadder_d_plus_a.mult1/mult/use_prim.iAdelx[0].iAdely[0].use_delay_line.Adelay/d1.dout_i_reg[3]' (FD) to 'U0/i_synth/xfft_inst/non_floating_point.arch_d.xfft_inst/pe_gen[0].natural_order_input.PE/has_TW_mult.MULT/i_cmpy/three_mult_structure.use_dsp.i_dsp48/mult3_preadder_d_minus_a.mult3/mult/use_prim.iAdelx[0].iAdely[0].use_delay_line.Adelay/d1.dout_i_reg[3]'
INFO: [Synth 8-3886] merging instance 'U0/i_synth/xfft_inst/non_floating_point.arch_d.xfft_inst/pe_gen[0].natural_order_input.PE/has_TW_mult.MULT/i_cmpy/three_mult_structure.use_dsp.i_dsp48/mult1_preadder_d_plus_a.mult1/mult/use_prim.iAdelx[0].iAdely[0].use_delay_line.Adelay/d1.dout_i_reg[4]' (FD) to 'U0/i_synth/xfft_inst/non_floating_point.arch_d.xfft_inst/pe_gen[0].natural_order_input.PE/has_TW_mult.MULT/i_cmpy/three_mult_structure.use_dsp.i_dsp48/mult3_preadder_d_minus_a.mult3/mult/use_prim.iAdelx[0].iAdely[0].use_delay_line.Adelay/d1.dout_i_reg[4]'
INFO: [Synth 8-3886] merging instance 'U0/i_synth/xfft_inst/non_floating_point.arch_d.xfft_inst/pe_gen[0].natural_order_input.PE/has_TW_mult.MULT/i_cmpy/three_mult_structure.use_dsp.i_dsp48/mult1_preadder_d_plus_a.mult1/mult/use_prim.iAdelx[0].iAdely[0].use_delay_line.Adelay/d1.dout_i_reg[5]' (FD) to 'U0/i_synth/xfft_inst/non_floating_point.arch_d.xfft_inst/pe_gen[0].natural_order_input.PE/has_TW_mult.MULT/i_cmpy/three_mult_structure.use_dsp.i_dsp48/mult3_preadder_d_minus_a.mult3/mult/use_prim.iAdelx[0].iAdely[0].use_delay_line.Adelay/d1.dout_i_reg[5]'
INFO: [Synth 8-3886] merging instance 'U0/i_synth/xfft_inst/non_floating_point.arch_d.xfft_inst/pe_gen[0].natural_order_input.PE/has_TW_mult.MULT/i_cmpy/three_mult_structure.use_dsp.i_dsp48/mult1_preadder_d_plus_a.mult1/mult/use_prim.iAdelx[0].iAdely[0].use_delay_line.Adelay/d1.dout_i_reg[6]' (FD) to 'U0/i_synth/xfft_inst/non_floating_point.arch_d.xfft_inst/pe_gen[0].natural_order_input.PE/has_TW_mult.MULT/i_cmpy/three_mult_structure.use_dsp.i_dsp48/mult3_preadder_d_minus_a.mult3/mult/use_prim.iAdelx[0].iAdely[0].use_delay_line.Adelay/d1.dout_i_reg[6]'
INFO: [Synth 8-3886] merging instance 'U0/i_synth/xfft_inst/non_floating_point.arch_d.xfft_inst/pe_gen[0].natural_order_input.PE/has_TW_mult.MULT/i_cmpy/three_mult_structure.use_dsp.i_dsp48/mult1_preadder_d_plus_a.mult1/mult/use_prim.iAdelx[0].iAdely[0].use_delay_line.Adelay/d1.dout_i_reg[7]' (FD) to 'U0/i_synth/xfft_inst/non_floating_point.arch_d.xfft_inst/pe_gen[0].natural_order_input.PE/has_TW_mult.MULT/i_cmpy/three_mult_structure.use_dsp.i_dsp48/mult3_preadder_d_minus_a.mult3/mult/use_prim.iAdelx[0].iAdely[0].use_delay_line.Adelay/d1.dout_i_reg[7]'
INFO: [Synth 8-3886] merging instance 'U0/i_synth/xfft_inst/non_floating_point.arch_d.xfft_inst/pe_gen[0].natural_order_input.PE/has_TW_mult.MULT/i_cmpy/three_mult_structure.use_dsp.i_dsp48/mult1_preadder_d_plus_a.mult1/mult/use_prim.iAdelx[0].iAdely[0].use_delay_line.Adelay/d1.dout_i_reg[8]' (FD) to 'U0/i_synth/xfft_inst/non_floating_point.arch_d.xfft_inst/pe_gen[0].natural_order_input.PE/has_TW_mult.MULT/i_cmpy/three_mult_structure.use_dsp.i_dsp48/mult3_preadder_d_minus_a.mult3/mult/use_prim.iAdelx[0].iAdely[0].use_delay_line.Adelay/d1.dout_i_reg[8]'
INFO: [Synth 8-3886] merging instance 'U0/i_synth/xfft_inst/non_floating_point.arch_d.xfft_inst/pe_gen[0].natural_order_input.PE/has_TW_mult.MULT/i_cmpy/three_mult_structure.use_dsp.i_dsp48/mult1_preadder_d_plus_a.mult1/mult/use_prim.iAdelx[0].iAdely[0].use_delay_line.Adelay/d1.dout_i_reg[9]' (FD) to 'U0/i_synth/xfft_inst/non_floating_point.arch_d.xfft_inst/pe_gen[0].natural_order_input.PE/has_TW_mult.MULT/i_cmpy/three_mult_structure.use_dsp.i_dsp48/mult3_preadder_d_minus_a.mult3/mult/use_prim.iAdelx[0].iAdely[0].use_delay_line.Adelay/d1.dout_i_reg[9]'
INFO: [Synth 8-3886] merging instance 'U0/i_synth/xfft_inst/non_floating_point.arch_d.xfft_inst/pe_gen[0].natural_order_input.PE/has_TW_mult.MULT/i_cmpy/three_mult_structure.use_dsp.i_dsp48/mult1_preadder_d_plus_a.mult1/mult/use_prim.iAdelx[0].iAdely[0].use_delay_line.Adelay/d1.dout_i_reg[10]' (FD) to 'U0/i_synth/xfft_inst/non_floating_point.arch_d.xfft_inst/pe_gen[0].natural_order_input.PE/has_TW_mult.MULT/i_cmpy/three_mult_structure.use_dsp.i_dsp48/mult3_preadder_d_minus_a.mult3/mult/use_prim.iAdelx[0].iAdely[0].use_delay_line.Adelay/d1.dout_i_reg[10]'
INFO: [Synth 8-3886] merging instance 'U0/i_synth/xfft_inst/non_floating_point.arch_d.xfft_inst/pe_gen[0].natural_order_input.PE/has_TW_mult.MULT/i_cmpy/three_mult_structure.use_dsp.i_dsp48/mult1_preadder_d_plus_a.mult1/mult/use_prim.iAdelx[0].iAdely[0].use_delay_line.Adelay/d1.dout_i_reg[11]' (FD) to 'U0/i_synth/xfft_inst/non_floating_point.arch_d.xfft_inst/pe_gen[0].natural_order_input.PE/has_TW_mult.MULT/i_cmpy/three_mult_structure.use_dsp.i_dsp48/mult3_preadder_d_minus_a.mult3/mult/use_prim.iAdelx[0].iAdely[0].use_delay_line.Adelay/d1.dout_i_reg[11]'
INFO: [Synth 8-3886] merging instance 'U0/i_synth/xfft_inst/non_floating_point.arch_d.xfft_inst/pe_gen[0].natural_order_input.PE/has_TW_mult.MULT/i_cmpy/three_mult_structure.use_dsp.i_dsp48/mult1_preadder_d_plus_a.mult1/mult/use_prim.iAdelx[0].iAdely[0].use_delay_line.Adelay/d1.dout_i_reg[12]' (FD) to 'U0/i_synth/xfft_inst/non_floating_point.arch_d.xfft_inst/pe_gen[0].natural_order_input.PE/has_TW_mult.MULT/i_cmpy/three_mult_structure.use_dsp.i_dsp48/mult3_preadder_d_minus_a.mult3/mult/use_prim.iAdelx[0].iAdely[0].use_delay_line.Adelay/d1.dout_i_reg[12]'
INFO: [Synth 8-3886] merging instance 'U0/i_synth/xfft_inst/non_floating_point.arch_d.xfft_inst/pe_gen[0].natural_order_input.PE/has_TW_mult.MULT/i_cmpy/three_mult_structure.use_dsp.i_dsp48/mult1_preadder_d_plus_a.mult1/mult/use_prim.iAdelx[0].iAdely[0].use_delay_line.Adelay/d1.dout_i_reg[13]' (FD) to 'U0/i_synth/xfft_inst/non_floating_point.arch_d.xfft_inst/pe_gen[0].natural_order_input.PE/has_TW_mult.MULT/i_cmpy/three_mult_structure.use_dsp.i_dsp48/mult3_preadder_d_minus_a.mult3/mult/use_prim.iAdelx[0].iAdely[0].use_delay_line.Adelay/d1.dout_i_reg[13]'
INFO: [Synth 8-3886] merging instance 'U0/i_synth/xfft_inst/non_floating_point.arch_d.xfft_inst/pe_gen[0].natural_order_input.PE/has_TW_mult.MULT/i_cmpy/three_mult_structure.use_dsp.i_dsp48/mult1_preadder_d_plus_a.mult1/mult/use_prim.iAdelx[0].iAdely[0].use_delay_line.Adelay/d1.dout_i_reg[14]' (FD) to 'U0/i_synth/xfft_inst/non_floating_point.arch_d.xfft_inst/pe_gen[0].natural_order_input.PE/has_TW_mult.MULT/i_cmpy/three_mult_structure.use_dsp.i_dsp48/mult3_preadder_d_minus_a.mult3/mult/use_prim.iAdelx[0].iAdely[0].use_delay_line.Adelay/d1.dout_i_reg[14]'
INFO: [Synth 8-3886] merging instance 'U0/i_synth/xfft_inst/non_floating_point.arch_d.xfft_inst/pe_gen[0].natural_order_input.PE/has_TW_mult.MULT/i_cmpy/three_mult_structure.use_dsp.i_dsp48/mult1_preadder_d_plus_a.mult1/mult/use_prim.iAdelx[0].iAdely[0].use_delay_line.Adelay/d1.dout_i_reg[15]' (FD) to 'U0/i_synth/xfft_inst/non_floating_point.arch_d.xfft_inst/pe_gen[0].natural_order_input.PE/has_TW_mult.MULT/i_cmpy/three_mult_structure.use_dsp.i_dsp48/mult3_preadder_d_minus_a.mult3/mult/use_prim.iAdelx[0].iAdely[0].use_delay_line.Adelay/d1.dout_i_reg[15]'
INFO: [Synth 8-3886] merging instance 'U0/i_synth/xfft_inst/non_floating_point.arch_d.xfft_inst/pe_gen[0].natural_order_input.PE/has_TW_mult.MULT/i_cmpy/three_mult_structure.use_dsp.i_dsp48/mult1_preadder_d_plus_a.mult1/mult/use_prim.iAdelx[0].iAdely[0].use_delay_line.Adelay/d1.dout_i_reg[16]' (FD) to 'U0/i_synth/xfft_inst/non_floating_point.arch_d.xfft_inst/pe_gen[0].natural_order_input.PE/has_TW_mult.MULT/i_cmpy/three_mult_structure.use_dsp.i_dsp48/mult3_preadder_d_minus_a.mult3/mult/use_prim.iAdelx[0].iAdely[0].use_delay_line.Adelay/d1.dout_i_reg[16]'
INFO: [Synth 8-3886] merging instance 'U0/i_synth/xfft_inst/non_floating_point.arch_d.xfft_inst/pe_gen[0].natural_order_input.PE/has_TW_mult.MULT/i_cmpy/three_mult_structure.use_dsp.i_dsp48/mult1_preadder_d_plus_a.mult1/mult/use_prim.iAdelx[0].iAdely[0].use_delay_line.Adelay/d1.dout_i_reg[17]' (FD) to 'U0/i_synth/xfft_inst/non_floating_point.arch_d.xfft_inst/pe_gen[0].natural_order_input.PE/has_TW_mult.MULT/i_cmpy/three_mult_structure.use_dsp.i_dsp48/mult3_preadder_d_minus_a.mult3/mult/use_prim.iAdelx[0].iAdely[0].use_delay_line.Adelay/d1.dout_i_reg[16]'
INFO: [Synth 8-3886] merging instance 'U0/i_synth/xfft_inst/non_floating_point.arch_d.xfft_inst/pe_gen[0].natural_order_input.PE/has_TW_mult.MULT/i_cmpy/three_mult_structure.use_dsp.i_dsp48/mult1_preadder_d_plus_a.mult1/mult/use_prim.iAdelx[0].iAdely[0].use_delay_line.Adelay/d1.dout_i_reg[18]' (FD) to 'U0/i_synth/xfft_inst/non_floating_point.arch_d.xfft_inst/pe_gen[0].natural_order_input.PE/has_TW_mult.MULT/i_cmpy/three_mult_structure.use_dsp.i_dsp48/mult3_preadder_d_minus_a.mult3/mult/use_prim.iAdelx[0].iAdely[0].use_delay_line.Adelay/d1.dout_i_reg[16]'
INFO: [Synth 8-3886] merging instance 'U0/i_synth/xfft_inst/non_floating_point.arch_d.xfft_inst/pe_gen[0].natural_order_input.PE/has_TW_mult.MULT/i_cmpy/three_mult_structure.use_dsp.i_dsp48/mult1_preadder_d_plus_a.mult1/mult/use_prim.iAdelx[0].iAdely[0].use_delay_line.Adelay/d1.dout_i_reg[19]' (FD) to 'U0/i_synth/xfft_inst/non_floating_point.arch_d.xfft_inst/pe_gen[0].natural_order_input.PE/has_TW_mult.MULT/i_cmpy/three_mult_structure.use_dsp.i_dsp48/mult3_preadder_d_minus_a.mult3/mult/use_prim.iAdelx[0].iAdely[0].use_delay_line.Adelay/d1.dout_i_reg[16]'
INFO: [Synth 8-3886] merging instance 'U0/i_synth/xfft_inst/non_floating_point.arch_d.xfft_inst/pe_gen[0].natural_order_input.PE/has_TW_mult.MULT/i_cmpy/three_mult_structure.use_dsp.i_dsp48/mult1_preadder_d_plus_a.mult1/mult/use_prim.iAdelx[0].iAdely[0].use_delay_line.Adelay/d1.dout_i_reg[20]' (FD) to 'U0/i_synth/xfft_inst/non_floating_point.arch_d.xfft_inst/pe_gen[0].natural_order_input.PE/has_TW_mult.MULT/i_cmpy/three_mult_structure.use_dsp.i_dsp48/mult3_preadder_d_minus_a.mult3/mult/use_prim.iAdelx[0].iAdely[0].use_delay_line.Adelay/d1.dout_i_reg[16]'
INFO: [Synth 8-3886] merging instance 'U0/i_synth/xfft_inst/non_floating_point.arch_d.xfft_inst/pe_gen[0].natural_order_input.PE/has_TW_mult.MULT/i_cmpy/three_mult_structure.use_dsp.i_dsp48/mult1_preadder_d_plus_a.mult1/mult/use_prim.iAdelx[0].iAdely[0].use_delay_line.Adelay/d1.dout_i_reg[21]' (FD) to 'U0/i_synth/xfft_inst/non_floating_point.arch_d.xfft_inst/pe_gen[0].natural_order_input.PE/has_TW_mult.MULT/i_cmpy/three_mult_structure.use_dsp.i_dsp48/mult3_preadder_d_minus_a.mult3/mult/use_prim.iAdelx[0].iAdely[0].use_delay_line.Adelay/d1.dout_i_reg[16]'
INFO: [Synth 8-3886] merging instance 'U0/i_synth/xfft_inst/non_floating_point.arch_d.xfft_inst/pe_gen[0].natural_order_input.PE/has_TW_mult.MULT/i_cmpy/three_mult_structure.use_dsp.i_dsp48/mult1_preadder_d_plus_a.mult1/mult/use_prim.iAdelx[0].iAdely[0].use_delay_line.Adelay/d1.dout_i_reg[22]' (FD) to 'U0/i_synth/xfft_inst/non_floating_point.arch_d.xfft_inst/pe_gen[0].natural_order_input.PE/has_TW_mult.MULT/i_cmpy/three_mult_structure.use_dsp.i_dsp48/mult3_preadder_d_minus_a.mult3/mult/use_prim.iAdelx[0].iAdely[0].use_delay_line.Adelay/d1.dout_i_reg[16]'
INFO: [Synth 8-3886] merging instance 'U0/i_synth/xfft_inst/non_floating_point.arch_d.xfft_inst/pe_gen[0].natural_order_input.PE/has_TW_mult.MULT/i_cmpy/three_mult_structure.use_dsp.i_dsp48/mult1_preadder_d_plus_a.mult1/mult/use_prim.iAdelx[0].iAdely[0].use_delay_line.Adelay/d1.dout_i_reg[23]' (FD) to 'U0/i_synth/xfft_inst/non_floating_point.arch_d.xfft_inst/pe_gen[0].natural_order_input.PE/has_TW_mult.MULT/i_cmpy/three_mult_structure.use_dsp.i_dsp48/mult3_preadder_d_minus_a.mult3/mult/use_prim.iAdelx[0].iAdely[0].use_delay_line.Adelay/d1.dout_i_reg[16]'
INFO: [Synth 8-3886] merging instance 'U0/i_synth/xfft_inst/non_floating_point.arch_d.xfft_inst/pe_gen[0].natural_order_input.PE/has_TW_mult.MULT/i_cmpy/three_mult_structure.use_dsp.i_dsp48/mult1_preadder_d_plus_a.mult1/mult/use_prim.iAdelx[0].iAdely[0].use_delay_line.Adelay/d1.dout_i_reg[24]' (FD) to 'U0/i_synth/xfft_inst/non_floating_point.arch_d.xfft_inst/pe_gen[0].natural_order_input.PE/has_TW_mult.MULT/i_cmpy/three_mult_structure.use_dsp.i_dsp48/mult3_preadder_d_minus_a.mult3/mult/use_prim.iAdelx[0].iAdely[0].use_delay_line.Adelay/d1.dout_i_reg[16]'
INFO: [Synth 8-3886] merging instance 'U0/i_synth/xfft_inst/non_floating_point.arch_d.xfft_inst/pe_gen[0].natural_order_input.PE/has_TW_mult.MULT/i_cmpy/three_mult_structure.use_dsp.i_dsp48/dsp_preadder_1.reg_mult1_preadd_d/dN.std_srl.shift_reg_reg[1][0]' (FD) to 'U0/i_synth/xfft_inst/non_floating_point.arch_d.xfft_inst/pe_gen[0].natural_order_input.PE/has_TW_mult.MULT/i_cmpy/three_mult_structure.use_dsp.i_dsp48/dsp_preadder_3.reg_mult3_preadd_d/dN.std_srl.shift_reg_reg[1][0]'
INFO: [Synth 8-3886] merging instance 'U0/i_synth/xfft_inst/non_floating_point.arch_d.xfft_inst/pe_gen[0].natural_order_input.PE/has_TW_mult.MULT/i_cmpy/three_mult_structure.use_dsp.i_dsp48/dsp_preadder_1.reg_mult1_preadd_d/dN.std_srl.shift_reg_reg[1][1]' (FD) to 'U0/i_synth/xfft_inst/non_floating_point.arch_d.xfft_inst/pe_gen[0].natural_order_input.PE/has_TW_mult.MULT/i_cmpy/three_mult_structure.use_dsp.i_dsp48/dsp_preadder_3.reg_mult3_preadd_d/dN.std_srl.shift_reg_reg[1][1]'
INFO: [Synth 8-3886] merging instance 'U0/i_synth/xfft_inst/non_floating_point.arch_d.xfft_inst/pe_gen[0].natural_order_input.PE/has_TW_mult.MULT/i_cmpy/three_mult_structure.use_dsp.i_dsp48/dsp_preadder_1.reg_mult1_preadd_d/dN.std_srl.shift_reg_reg[1][2]' (FD) to 'U0/i_synth/xfft_inst/non_floating_point.arch_d.xfft_inst/pe_gen[0].natural_order_input.PE/has_TW_mult.MULT/i_cmpy/three_mult_structure.use_dsp.i_dsp48/dsp_preadder_3.reg_mult3_preadd_d/dN.std_srl.shift_reg_reg[1][2]'
INFO: [Synth 8-3886] merging instance 'U0/i_synth/xfft_inst/non_floating_point.arch_d.xfft_inst/pe_gen[0].natural_order_input.PE/has_TW_mult.MULT/i_cmpy/three_mult_structure.use_dsp.i_dsp48/dsp_preadder_1.reg_mult1_preadd_d/dN.std_srl.shift_reg_reg[1][3]' (FD) to 'U0/i_synth/xfft_inst/non_floating_point.arch_d.xfft_inst/pe_gen[0].natural_order_input.PE/has_TW_mult.MULT/i_cmpy/three_mult_structure.use_dsp.i_dsp48/dsp_preadder_3.reg_mult3_preadd_d/dN.std_srl.shift_reg_reg[1][3]'
INFO: [Synth 8-3886] merging instance 'U0/i_synth/xfft_inst/non_floating_point.arch_d.xfft_inst/pe_gen[0].natural_order_input.PE/has_TW_mult.MULT/i_cmpy/three_mult_structure.use_dsp.i_dsp48/dsp_preadder_1.reg_mult1_preadd_d/dN.std_srl.shift_reg_reg[1][4]' (FD) to 'U0/i_synth/xfft_inst/non_floating_point.arch_d.xfft_inst/pe_gen[0].natural_order_input.PE/has_TW_mult.MULT/i_cmpy/three_mult_structure.use_dsp.i_dsp48/dsp_preadder_3.reg_mult3_preadd_d/dN.std_srl.shift_reg_reg[1][4]'
INFO: [Synth 8-3886] merging instance 'U0/i_synth/xfft_inst/non_floating_point.arch_d.xfft_inst/pe_gen[0].natural_order_input.PE/has_TW_mult.MULT/i_cmpy/three_mult_structure.use_dsp.i_dsp48/dsp_preadder_1.reg_mult1_preadd_d/dN.std_srl.shift_reg_reg[1][5]' (FD) to 'U0/i_synth/xfft_inst/non_floating_point.arch_d.xfft_inst/pe_gen[0].natural_order_input.PE/has_TW_mult.MULT/i_cmpy/three_mult_structure.use_dsp.i_dsp48/dsp_preadder_3.reg_mult3_preadd_d/dN.std_srl.shift_reg_reg[1][5]'
INFO: [Synth 8-3886] merging instance 'U0/i_synth/xfft_inst/non_floating_point.arch_d.xfft_inst/pe_gen[0].natural_order_input.PE/has_TW_mult.MULT/i_cmpy/three_mult_structure.use_dsp.i_dsp48/dsp_preadder_1.reg_mult1_preadd_d/dN.std_srl.shift_reg_reg[1][6]' (FD) to 'U0/i_synth/xfft_inst/non_floating_point.arch_d.xfft_inst/pe_gen[0].natural_order_input.PE/has_TW_mult.MULT/i_cmpy/three_mult_structure.use_dsp.i_dsp48/dsp_preadder_3.reg_mult3_preadd_d/dN.std_srl.shift_reg_reg[1][6]'
INFO: [Synth 8-3886] merging instance 'U0/i_synth/xfft_inst/non_floating_point.arch_d.xfft_inst/pe_gen[0].natural_order_input.PE/has_TW_mult.MULT/i_cmpy/three_mult_structure.use_dsp.i_dsp48/dsp_preadder_1.reg_mult1_preadd_d/dN.std_srl.shift_reg_reg[1][7]' (FD) to 'U0/i_synth/xfft_inst/non_floating_point.arch_d.xfft_inst/pe_gen[0].natural_order_input.PE/has_TW_mult.MULT/i_cmpy/three_mult_structure.use_dsp.i_dsp48/dsp_preadder_3.reg_mult3_preadd_d/dN.std_srl.shift_reg_reg[1][7]'
INFO: [Synth 8-3886] merging instance 'U0/i_synth/xfft_inst/non_floating_point.arch_d.xfft_inst/pe_gen[0].natural_order_input.PE/has_TW_mult.MULT/i_cmpy/three_mult_structure.use_dsp.i_dsp48/dsp_preadder_1.reg_mult1_preadd_d/dN.std_srl.shift_reg_reg[1][8]' (FD) to 'U0/i_synth/xfft_inst/non_floating_point.arch_d.xfft_inst/pe_gen[0].natural_order_input.PE/has_TW_mult.MULT/i_cmpy/three_mult_structure.use_dsp.i_dsp48/dsp_preadder_3.reg_mult3_preadd_d/dN.std_srl.shift_reg_reg[1][8]'
INFO: [Synth 8-3886] merging instance 'U0/i_synth/xfft_inst/non_floating_point.arch_d.xfft_inst/pe_gen[0].natural_order_input.PE/has_TW_mult.MULT/i_cmpy/three_mult_structure.use_dsp.i_dsp48/dsp_preadder_1.reg_mult1_preadd_d/dN.std_srl.shift_reg_reg[1][9]' (FD) to 'U0/i_synth/xfft_inst/non_floating_point.arch_d.xfft_inst/pe_gen[0].natural_order_input.PE/has_TW_mult.MULT/i_cmpy/three_mult_structure.use_dsp.i_dsp48/dsp_preadder_3.reg_mult3_preadd_d/dN.std_srl.shift_reg_reg[1][9]'
INFO: [Synth 8-3886] merging instance 'U0/i_synth/xfft_inst/non_floating_point.arch_d.xfft_inst/pe_gen[0].natural_order_input.PE/has_TW_mult.MULT/i_cmpy/three_mult_structure.use_dsp.i_dsp48/dsp_preadder_1.reg_mult1_preadd_d/dN.std_srl.shift_reg_reg[1][10]' (FD) to 'U0/i_synth/xfft_inst/non_floating_point.arch_d.xfft_inst/pe_gen[0].natural_order_input.PE/has_TW_mult.MULT/i_cmpy/three_mult_structure.use_dsp.i_dsp48/dsp_preadder_3.reg_mult3_preadd_d/dN.std_srl.shift_reg_reg[1][10]'
INFO: [Synth 8-3886] merging instance 'U0/i_synth/xfft_inst/non_floating_point.arch_d.xfft_inst/pe_gen[0].natural_order_input.PE/has_TW_mult.MULT/i_cmpy/three_mult_structure.use_dsp.i_dsp48/dsp_preadder_1.reg_mult1_preadd_d/dN.std_srl.shift_reg_reg[1][11]' (FD) to 'U0/i_synth/xfft_inst/non_floating_point.arch_d.xfft_inst/pe_gen[0].natural_order_input.PE/has_TW_mult.MULT/i_cmpy/three_mult_structure.use_dsp.i_dsp48/dsp_preadder_3.reg_mult3_preadd_d/dN.std_srl.shift_reg_reg[1][11]'
INFO: [Synth 8-3886] merging instance 'U0/i_synth/xfft_inst/non_floating_point.arch_d.xfft_inst/pe_gen[0].natural_order_input.PE/has_TW_mult.MULT/i_cmpy/three_mult_structure.use_dsp.i_dsp48/dsp_preadder_1.reg_mult1_preadd_d/dN.std_srl.shift_reg_reg[1][12]' (FD) to 'U0/i_synth/xfft_inst/non_floating_point.arch_d.xfft_inst/pe_gen[0].natural_order_input.PE/has_TW_mult.MULT/i_cmpy/three_mult_structure.use_dsp.i_dsp48/dsp_preadder_3.reg_mult3_preadd_d/dN.std_srl.shift_reg_reg[1][12]'
INFO: [Synth 8-3886] merging instance 'U0/i_synth/xfft_inst/non_floating_point.arch_d.xfft_inst/pe_gen[0].natural_order_input.PE/has_TW_mult.MULT/i_cmpy/three_mult_structure.use_dsp.i_dsp48/dsp_preadder_1.reg_mult1_preadd_d/dN.std_srl.shift_reg_reg[1][13]' (FD) to 'U0/i_synth/xfft_inst/non_floating_point.arch_d.xfft_inst/pe_gen[0].natural_order_input.PE/has_TW_mult.MULT/i_cmpy/three_mult_structure.use_dsp.i_dsp48/dsp_preadder_3.reg_mult3_preadd_d/dN.std_srl.shift_reg_reg[1][13]'
INFO: [Synth 8-3886] merging instance 'U0/i_synth/xfft_inst/non_floating_point.arch_d.xfft_inst/pe_gen[0].natural_order_input.PE/has_TW_mult.MULT/i_cmpy/three_mult_structure.use_dsp.i_dsp48/dsp_preadder_1.reg_mult1_preadd_d/dN.std_srl.shift_reg_reg[1][14]' (FD) to 'U0/i_synth/xfft_inst/non_floating_point.arch_d.xfft_inst/pe_gen[0].natural_order_input.PE/has_TW_mult.MULT/i_cmpy/three_mult_structure.use_dsp.i_dsp48/dsp_preadder_3.reg_mult3_preadd_d/dN.std_srl.shift_reg_reg[1][14]'
INFO: [Synth 8-3886] merging instance 'U0/i_synth/xfft_inst/non_floating_point.arch_d.xfft_inst/pe_gen[0].natural_order_input.PE/has_TW_mult.MULT/i_cmpy/three_mult_structure.use_dsp.i_dsp48/dsp_preadder_1.reg_mult1_preadd_d/dN.std_srl.shift_reg_reg[1][15]' (FD) to 'U0/i_synth/xfft_inst/non_floating_point.arch_d.xfft_inst/pe_gen[0].natural_order_input.PE/has_TW_mult.MULT/i_cmpy/three_mult_structure.use_dsp.i_dsp48/dsp_preadder_3.reg_mult3_preadd_d/dN.std_srl.shift_reg_reg[1][15]'
INFO: [Synth 8-3886] merging instance 'U0/i_synth/xfft_inst/non_floating_point.arch_d.xfft_inst/pe_gen[0].natural_order_input.PE/has_TW_mult.MULT/i_cmpy/three_mult_structure.use_dsp.i_dsp48/dsp_preadder_1.reg_mult1_preadd_d/dN.std_srl.shift_reg_reg[1][16]' (FD) to 'U0/i_synth/xfft_inst/non_floating_point.arch_d.xfft_inst/pe_gen[0].natural_order_input.PE/has_TW_mult.MULT/i_cmpy/three_mult_structure.use_dsp.i_dsp48/dsp_preadder_3.reg_mult3_preadd_d/dN.std_srl.shift_reg_reg[1][23]'
INFO: [Synth 8-3886] merging instance 'U0/i_synth/xfft_inst/non_floating_point.arch_d.xfft_inst/pe_gen[0].natural_order_input.PE/has_TW_mult.MULT/i_cmpy/three_mult_structure.use_dsp.i_dsp48/dsp_preadder_1.reg_mult1_preadd_d/dN.std_srl.shift_reg_reg[1][17]' (FD) to 'U0/i_synth/xfft_inst/non_floating_point.arch_d.xfft_inst/pe_gen[0].natural_order_input.PE/has_TW_mult.MULT/i_cmpy/three_mult_structure.use_dsp.i_dsp48/dsp_preadder_3.reg_mult3_preadd_d/dN.std_srl.shift_reg_reg[1][23]'
INFO: [Synth 8-3886] merging instance 'U0/i_synth/xfft_inst/non_floating_point.arch_d.xfft_inst/pe_gen[0].natural_order_input.PE/has_TW_mult.MULT/i_cmpy/three_mult_structure.use_dsp.i_dsp48/dsp_preadder_1.reg_mult1_preadd_d/dN.std_srl.shift_reg_reg[1][18]' (FD) to 'U0/i_synth/xfft_inst/non_floating_point.arch_d.xfft_inst/pe_gen[0].natural_order_input.PE/has_TW_mult.MULT/i_cmpy/three_mult_structure.use_dsp.i_dsp48/dsp_preadder_3.reg_mult3_preadd_d/dN.std_srl.shift_reg_reg[1][23]'
INFO: [Synth 8-3886] merging instance 'U0/i_synth/xfft_inst/non_floating_point.arch_d.xfft_inst/pe_gen[0].natural_order_input.PE/has_TW_mult.MULT/i_cmpy/three_mult_structure.use_dsp.i_dsp48/dsp_preadder_1.reg_mult1_preadd_d/dN.std_srl.shift_reg_reg[1][19]' (FD) to 'U0/i_synth/xfft_inst/non_floating_point.arch_d.xfft_inst/pe_gen[0].natural_order_input.PE/has_TW_mult.MULT/i_cmpy/three_mult_structure.use_dsp.i_dsp48/dsp_preadder_3.reg_mult3_preadd_d/dN.std_srl.shift_reg_reg[1][23]'
INFO: [Synth 8-3886] merging instance 'U0/i_synth/xfft_inst/non_floating_point.arch_d.xfft_inst/pe_gen[0].natural_order_input.PE/has_TW_mult.MULT/i_cmpy/three_mult_structure.use_dsp.i_dsp48/dsp_preadder_1.reg_mult1_preadd_d/dN.std_srl.shift_reg_reg[1][20]' (FD) to 'U0/i_synth/xfft_inst/non_floating_point.arch_d.xfft_inst/pe_gen[0].natural_order_input.PE/has_TW_mult.MULT/i_cmpy/three_mult_structure.use_dsp.i_dsp48/dsp_preadder_3.reg_mult3_preadd_d/dN.std_srl.shift_reg_reg[1][23]'
INFO: [Synth 8-3886] merging instance 'U0/i_synth/xfft_inst/non_floating_point.arch_d.xfft_inst/pe_gen[0].natural_order_input.PE/has_TW_mult.MULT/i_cmpy/three_mult_structure.use_dsp.i_dsp48/dsp_preadder_1.reg_mult1_preadd_d/dN.std_srl.shift_reg_reg[1][21]' (FD) to 'U0/i_synth/xfft_inst/non_floating_point.arch_d.xfft_inst/pe_gen[0].natural_order_input.PE/has_TW_mult.MULT/i_cmpy/three_mult_structure.use_dsp.i_dsp48/dsp_preadder_3.reg_mult3_preadd_d/dN.std_srl.shift_reg_reg[1][23]'
INFO: [Synth 8-3886] merging instance 'U0/i_synth/xfft_inst/non_floating_point.arch_d.xfft_inst/pe_gen[0].natural_order_input.PE/has_TW_mult.MULT/i_cmpy/three_mult_structure.use_dsp.i_dsp48/dsp_preadder_1.reg_mult1_preadd_d/dN.std_srl.shift_reg_reg[1][22]' (FD) to 'U0/i_synth/xfft_inst/non_floating_point.arch_d.xfft_inst/pe_gen[0].natural_order_input.PE/has_TW_mult.MULT/i_cmpy/three_mult_structure.use_dsp.i_dsp48/dsp_preadder_3.reg_mult3_preadd_d/dN.std_srl.shift_reg_reg[1][23]'
INFO: [Synth 8-3886] merging instance 'U0/i_synth/xfft_inst/non_floating_point.arch_d.xfft_inst/pe_gen[0].natural_order_input.PE/has_TW_mult.MULT/i_cmpy/three_mult_structure.use_dsp.i_dsp48/dsp_preadder_1.reg_mult1_preadd_d/dN.std_srl.shift_reg_reg[1][23]' (FD) to 'U0/i_synth/xfft_inst/non_floating_point.arch_d.xfft_inst/pe_gen[0].natural_order_input.PE/has_TW_mult.MULT/i_cmpy/three_mult_structure.use_dsp.i_dsp48/dsp_preadder_3.reg_mult3_preadd_d/dN.std_srl.shift_reg_reg[1][23]'
INFO: [Synth 8-3886] merging instance 'U0/i_synth/xfft_inst/non_floating_point.arch_d.xfft_inst/pe_gen[0].natural_order_input.PE/has_TW_mult.MULT/i_cmpy/three_mult_structure.use_dsp.i_dsp48/dsp_preadder_1.reg_mult1_preadd_d/dN.std_srl.shift_reg_reg[1][24]' (FD) to 'U0/i_synth/xfft_inst/non_floating_point.arch_d.xfft_inst/pe_gen[0].natural_order_input.PE/has_TW_mult.MULT/i_cmpy/three_mult_structure.use_dsp.i_dsp48/dsp_preadder_3.reg_mult3_preadd_d/dN.std_srl.shift_reg_reg[1][23]'
INFO: [Synth 8-3886] merging instance 'U0/i_synth/xfft_inst/non_floating_point.arch_d.xfft_inst/pe_gen[0].natural_order_input.PE/has_TW_mult.MULT/i_cmpy/three_mult_structure.use_dsp.i_dsp48/mult3_preadder_d_minus_a.mult3/mult/use_prim.iAdelx[0].iAdely[0].use_delay_line.Adelay/d1.dout_i_reg[16]' (FD) to 'U0/i_synth/xfft_inst/non_floating_point.arch_d.xfft_inst/pe_gen[0].natural_order_input.PE/has_TW_mult.MULT/i_cmpy/three_mult_structure.use_dsp.i_dsp48/mult3_preadder_d_minus_a.mult3/mult/use_prim.iAdelx[0].iAdely[0].use_delay_line.Adelay/d1.dout_i_reg[17]'
INFO: [Synth 8-3886] merging instance 'U0/i_synth/xfft_inst/non_floating_point.arch_d.xfft_inst/pe_gen[0].natural_order_input.PE/has_TW_mult.MULT/i_cmpy/three_mult_structure.use_dsp.i_dsp48/mult3_preadder_d_minus_a.mult3/mult/use_prim.iAdelx[0].iAdely[0].use_delay_line.Adelay/d1.dout_i_reg[17]' (FD) to 'U0/i_synth/xfft_inst/non_floating_point.arch_d.xfft_inst/pe_gen[0].natural_order_input.PE/has_TW_mult.MULT/i_cmpy/three_mult_structure.use_dsp.i_dsp48/mult3_preadder_d_minus_a.mult3/mult/use_prim.iAdelx[0].iAdely[0].use_delay_line.Adelay/d1.dout_i_reg[18]'
INFO: [Synth 8-3886] merging instance 'U0/i_synth/xfft_inst/non_floating_point.arch_d.xfft_inst/pe_gen[0].natural_order_input.PE/has_TW_mult.MULT/i_cmpy/three_mult_structure.use_dsp.i_dsp48/mult3_preadder_d_minus_a.mult3/mult/use_prim.iAdelx[0].iAdely[0].use_delay_line.Adelay/d1.dout_i_reg[18]' (FD) to 'U0/i_synth/xfft_inst/non_floating_point.arch_d.xfft_inst/pe_gen[0].natural_order_input.PE/has_TW_mult.MULT/i_cmpy/three_mult_structure.use_dsp.i_dsp48/mult3_preadder_d_minus_a.mult3/mult/use_prim.iAdelx[0].iAdely[0].use_delay_line.Adelay/d1.dout_i_reg[19]'
INFO: [Synth 8-3886] merging instance 'U0/i_synth/xfft_inst/non_floating_point.arch_d.xfft_inst/pe_gen[0].natural_order_input.PE/has_TW_mult.MULT/i_cmpy/three_mult_structure.use_dsp.i_dsp48/mult3_preadder_d_minus_a.mult3/mult/use_prim.iAdelx[0].iAdely[0].use_delay_line.Adelay/d1.dout_i_reg[19]' (FD) to 'U0/i_synth/xfft_inst/non_floating_point.arch_d.xfft_inst/pe_gen[0].natural_order_input.PE/has_TW_mult.MULT/i_cmpy/three_mult_structure.use_dsp.i_dsp48/mult3_preadder_d_minus_a.mult3/mult/use_prim.iAdelx[0].iAdely[0].use_delay_line.Adelay/d1.dout_i_reg[20]'
INFO: [Synth 8-3886] merging instance 'U0/i_synth/xfft_inst/non_floating_point.arch_d.xfft_inst/pe_gen[0].natural_order_input.PE/has_TW_mult.MULT/i_cmpy/three_mult_structure.use_dsp.i_dsp48/mult3_preadder_d_minus_a.mult3/mult/use_prim.iAdelx[0].iAdely[0].use_delay_line.Adelay/d1.dout_i_reg[20]' (FD) to 'U0/i_synth/xfft_inst/non_floating_point.arch_d.xfft_inst/pe_gen[0].natural_order_input.PE/has_TW_mult.MULT/i_cmpy/three_mult_structure.use_dsp.i_dsp48/mult3_preadder_d_minus_a.mult3/mult/use_prim.iAdelx[0].iAdely[0].use_delay_line.Adelay/d1.dout_i_reg[21]'
INFO: [Synth 8-3886] merging instance 'U0/i_synth/xfft_inst/non_floating_point.arch_d.xfft_inst/pe_gen[0].natural_order_input.PE/has_TW_mult.MULT/i_cmpy/three_mult_structure.use_dsp.i_dsp48/mult3_preadder_d_minus_a.mult3/mult/use_prim.iAdelx[0].iAdely[0].use_delay_line.Adelay/d1.dout_i_reg[21]' (FD) to 'U0/i_synth/xfft_inst/non_floating_point.arch_d.xfft_inst/pe_gen[0].natural_order_input.PE/has_TW_mult.MULT/i_cmpy/three_mult_structure.use_dsp.i_dsp48/mult3_preadder_d_minus_a.mult3/mult/use_prim.iAdelx[0].iAdely[0].use_delay_line.Adelay/d1.dout_i_reg[22]'
INFO: [Synth 8-3886] merging instance 'U0/i_synth/xfft_inst/non_floating_point.arch_d.xfft_inst/pe_gen[0].natural_order_input.PE/has_TW_mult.MULT/i_cmpy/three_mult_structure.use_dsp.i_dsp48/mult3_preadder_d_minus_a.mult3/mult/use_prim.iAdelx[0].iAdely[0].use_delay_line.Adelay/d1.dout_i_reg[22]' (FD) to 'U0/i_synth/xfft_inst/non_floating_point.arch_d.xfft_inst/pe_gen[0].natural_order_input.PE/has_TW_mult.MULT/i_cmpy/three_mult_structure.use_dsp.i_dsp48/mult3_preadder_d_minus_a.mult3/mult/use_prim.iAdelx[0].iAdely[0].use_delay_line.Adelay/d1.dout_i_reg[23]'
INFO: [Synth 8-3886] merging instance 'U0/i_synth/xfft_inst/non_floating_point.arch_d.xfft_inst/pe_gen[0].natural_order_input.PE/has_TW_mult.MULT/i_cmpy/three_mult_structure.use_dsp.i_dsp48/mult3_preadder_d_minus_a.mult3/mult/use_prim.iAdelx[0].iAdely[0].use_delay_line.Adelay/d1.dout_i_reg[23]' (FD) to 'U0/i_synth/xfft_inst/non_floating_point.arch_d.xfft_inst/pe_gen[0].natural_order_input.PE/has_TW_mult.MULT/i_cmpy/three_mult_structure.use_dsp.i_dsp48/mult3_preadder_d_minus_a.mult3/mult/use_prim.iAdelx[0].iAdely[0].use_delay_line.Adelay/d1.dout_i_reg[24]'
INFO: [Synth 8-3886] merging instance 'U0/i_synth/xfft_inst/non_floating_point.arch_d.xfft_inst/pe_gen[0].natural_order_input.PE/has_TW_mult.MULT/i_cmpy/three_mult_structure.use_dsp.i_dsp48/dsp_preadder_3.reg_mult3_preadd_d/dN.std_srl.shift_reg_reg[1][16]' (FD) to 'U0/i_synth/xfft_inst/non_floating_point.arch_d.xfft_inst/pe_gen[0].natural_order_input.PE/has_TW_mult.MULT/i_cmpy/three_mult_structure.use_dsp.i_dsp48/dsp_preadder_3.reg_mult3_preadd_d/dN.std_srl.shift_reg_reg[1][23]'
INFO: [Synth 8-3886] merging instance 'U0/i_synth/xfft_inst/non_floating_point.arch_d.xfft_inst/pe_gen[0].natural_order_input.PE/has_TW_mult.MULT/i_cmpy/three_mult_structure.use_dsp.i_dsp48/dsp_preadder_3.reg_mult3_preadd_d/dN.std_srl.shift_reg_reg[1][17]' (FD) to 'U0/i_synth/xfft_inst/non_floating_point.arch_d.xfft_inst/pe_gen[0].natural_order_input.PE/has_TW_mult.MULT/i_cmpy/three_mult_structure.use_dsp.i_dsp48/dsp_preadder_3.reg_mult3_preadd_d/dN.std_srl.shift_reg_reg[1][23]'
INFO: [Synth 8-3886] merging instance 'U0/i_synth/xfft_inst/non_floating_point.arch_d.xfft_inst/pe_gen[0].natural_order_input.PE/has_TW_mult.MULT/i_cmpy/three_mult_structure.use_dsp.i_dsp48/dsp_preadder_3.reg_mult3_preadd_d/dN.std_srl.shift_reg_reg[1][18]' (FD) to 'U0/i_synth/xfft_inst/non_floating_point.arch_d.xfft_inst/pe_gen[0].natural_order_input.PE/has_TW_mult.MULT/i_cmpy/three_mult_structure.use_dsp.i_dsp48/dsp_preadder_3.reg_mult3_preadd_d/dN.std_srl.shift_reg_reg[1][23]'
INFO: [Synth 8-3886] merging instance 'U0/i_synth/xfft_inst/non_floating_point.arch_d.xfft_inst/pe_gen[0].natural_order_input.PE/has_TW_mult.MULT/i_cmpy/three_mult_structure.use_dsp.i_dsp48/dsp_preadder_3.reg_mult3_preadd_d/dN.std_srl.shift_reg_reg[1][19]' (FD) to 'U0/i_synth/xfft_inst/non_floating_point.arch_d.xfft_inst/pe_gen[0].natural_order_input.PE/has_TW_mult.MULT/i_cmpy/three_mult_structure.use_dsp.i_dsp48/dsp_preadder_3.reg_mult3_preadd_d/dN.std_srl.shift_reg_reg[1][23]'
INFO: [Synth 8-3886] merging instance 'U0/i_synth/xfft_inst/non_floating_point.arch_d.xfft_inst/pe_gen[0].natural_order_input.PE/has_TW_mult.MULT/i_cmpy/three_mult_structure.use_dsp.i_dsp48/dsp_preadder_3.reg_mult3_preadd_d/dN.std_srl.shift_reg_reg[1][20]' (FD) to 'U0/i_synth/xfft_inst/non_floating_point.arch_d.xfft_inst/pe_gen[0].natural_order_input.PE/has_TW_mult.MULT/i_cmpy/three_mult_structure.use_dsp.i_dsp48/dsp_preadder_3.reg_mult3_preadd_d/dN.std_srl.shift_reg_reg[1][23]'
INFO: [Synth 8-3886] merging instance 'U0/i_synth/xfft_inst/non_floating_point.arch_d.xfft_inst/pe_gen[0].natural_order_input.PE/has_TW_mult.MULT/i_cmpy/three_mult_structure.use_dsp.i_dsp48/dsp_preadder_3.reg_mult3_preadd_d/dN.std_srl.shift_reg_reg[1][21]' (FD) to 'U0/i_synth/xfft_inst/non_floating_point.arch_d.xfft_inst/pe_gen[0].natural_order_input.PE/has_TW_mult.MULT/i_cmpy/three_mult_structure.use_dsp.i_dsp48/dsp_preadder_3.reg_mult3_preadd_d/dN.std_srl.shift_reg_reg[1][23]'
INFO: [Synth 8-3886] merging instance 'U0/i_synth/xfft_inst/non_floating_point.arch_d.xfft_inst/pe_gen[0].natural_order_input.PE/has_TW_mult.MULT/i_cmpy/three_mult_structure.use_dsp.i_dsp48/dsp_preadder_3.reg_mult3_preadd_d/dN.std_srl.shift_reg_reg[1][22]' (FD) to 'U0/i_synth/xfft_inst/non_floating_point.arch_d.xfft_inst/pe_gen[0].natural_order_input.PE/has_TW_mult.MULT/i_cmpy/three_mult_structure.use_dsp.i_dsp48/dsp_preadder_3.reg_mult3_preadd_d/dN.std_srl.shift_reg_reg[1][23]'
INFO: [Synth 8-3886] merging instance 'U0/i_synth/xfft_inst/non_floating_point.arch_d.xfft_inst/pe_gen[0].natural_order_input.PE/has_TW_mult.MULT/i_cmpy/three_mult_structure.use_dsp.i_dsp48/dsp_preadder_3.reg_mult3_preadd_d/dN.std_srl.shift_reg_reg[1][23]' (FD) to 'U0/i_synth/xfft_inst/non_floating_point.arch_d.xfft_inst/pe_gen[0].natural_order_input.PE/has_TW_mult.MULT/i_cmpy/three_mult_structure.use_dsp.i_dsp48/dsp_preadder_3.reg_mult3_preadd_d/dN.std_srl.shift_reg_reg[1][24]'
INFO: [Synth 8-3886] merging instance 'U0/i_synth/xfft_inst/non_floating_point.arch_d.xfft_inst/pe_gen[1].natural_order_input.PE/has_TW_mult.TW/twiddle_generator/tw2.twgen2/SINE_reg[16]' (FDRE) to 'U0/i_synth/xfft_inst/non_floating_point.arch_d.xfft_inst/pe_gen[1].natural_order_input.PE/has_TW_mult.TW/twiddle_generator/tw2.twgen2/COSINE_reg[16]'
INFO: [Synth 8-3333] propagating constant 0 across sequential element (U0/i_synth/\xfft_inst/non_floating_point.arch_d.xfft_inst/pe_gen[1].natural_order_input.PE/has_TW_mult.TW/twiddle_generator/tw2.twgen2 /\COSINE_reg[16] )
INFO: [Synth 8-3886] merging instance 'U0/i_synth/xfft_inst/non_floating_point.arch_d.xfft_inst/pe_gen[1].natural_order_input.PE/has_TW_mult.MULT/i_cmpy/three_mult_structure.use_dsp.i_dsp48/dsp_preadder_1.reg_mult1_preadd_d/dN.std_srl.shift_reg_reg[0][16]' (FD) to 'U0/i_synth/xfft_inst/non_floating_point.arch_d.xfft_inst/pe_gen[1].natural_order_input.PE/has_TW_mult.MULT/i_cmpy/three_mult_structure.use_dsp.i_dsp48/dsp_preadder_1.reg_mult1_preadd_d/dN.std_srl.shift_reg_reg[0][17]'
INFO: [Synth 8-3886] merging instance 'U0/i_synth/xfft_inst/non_floating_point.arch_d.xfft_inst/pe_gen[1].natural_order_input.PE/has_TW_mult.MULT/i_cmpy/three_mult_structure.use_dsp.i_dsp48/dsp_preadder_1.reg_mult1_preadd_d/dN.std_srl.shift_reg_reg[0][17]' (FD) to 'U0/i_synth/xfft_inst/non_floating_point.arch_d.xfft_inst/pe_gen[1].natural_order_input.PE/has_TW_mult.MULT/i_cmpy/three_mult_structure.use_dsp.i_dsp48/dsp_preadder_1.reg_mult1_preadd_d/dN.std_srl.shift_reg_reg[0][18]'
INFO: [Synth 8-3886] merging instance 'U0/i_synth/xfft_inst/non_floating_point.arch_d.xfft_inst/pe_gen[1].natural_order_input.PE/has_TW_mult.MULT/i_cmpy/three_mult_structure.use_dsp.i_dsp48/dsp_preadder_1.reg_mult1_preadd_d/dN.std_srl.shift_reg_reg[0][18]' (FD) to 'U0/i_synth/xfft_inst/non_floating_point.arch_d.xfft_inst/pe_gen[1].natural_order_input.PE/has_TW_mult.MULT/i_cmpy/three_mult_structure.use_dsp.i_dsp48/dsp_preadder_1.reg_mult1_preadd_d/dN.std_srl.shift_reg_reg[0][19]'
INFO: [Synth 8-3886] merging instance 'U0/i_synth/xfft_inst/non_floating_point.arch_d.xfft_inst/pe_gen[1].natural_order_input.PE/has_TW_mult.MULT/i_cmpy/three_mult_structure.use_dsp.i_dsp48/dsp_preadder_1.reg_mult1_preadd_d/dN.std_srl.shift_reg_reg[0][19]' (FD) to 'U0/i_synth/xfft_inst/non_floating_point.arch_d.xfft_inst/pe_gen[1].natural_order_input.PE/has_TW_mult.MULT/i_cmpy/three_mult_structure.use_dsp.i_dsp48/dsp_preadder_1.reg_mult1_preadd_d/dN.std_srl.shift_reg_reg[0][20]'
INFO: [Synth 8-3886] merging instance 'U0/i_synth/xfft_inst/non_floating_point.arch_d.xfft_inst/pe_gen[1].natural_order_input.PE/has_TW_mult.MULT/i_cmpy/three_mult_structure.use_dsp.i_dsp48/dsp_preadder_1.reg_mult1_preadd_d/dN.std_srl.shift_reg_reg[0][20]' (FD) to 'U0/i_synth/xfft_inst/non_floating_point.arch_d.xfft_inst/pe_gen[1].natural_order_input.PE/has_TW_mult.MULT/i_cmpy/three_mult_structure.use_dsp.i_dsp48/dsp_preadder_1.reg_mult1_preadd_d/dN.std_srl.shift_reg_reg[0][21]'
INFO: [Synth 8-3886] merging instance 'U0/i_synth/xfft_inst/non_floating_point.arch_d.xfft_inst/pe_gen[1].natural_order_input.PE/has_TW_mult.MULT/i_cmpy/three_mult_structure.use_dsp.i_dsp48/dsp_preadder_1.reg_mult1_preadd_d/dN.std_srl.shift_reg_reg[0][21]' (FD) to 'U0/i_synth/xfft_inst/non_floating_point.arch_d.xfft_inst/pe_gen[1].natural_order_input.PE/has_TW_mult.MULT/i_cmpy/three_mult_structure.use_dsp.i_dsp48/dsp_preadder_1.reg_mult1_preadd_d/dN.std_srl.shift_reg_reg[0][22]'
INFO: [Synth 8-3886] merging instance 'U0/i_synth/xfft_inst/non_floating_point.arch_d.xfft_inst/pe_gen[1].natural_order_input.PE/has_TW_mult.MULT/i_cmpy/three_mult_structure.use_dsp.i_dsp48/dsp_preadder_1.reg_mult1_preadd_d/dN.std_srl.shift_reg_reg[0][22]' (FD) to 'U0/i_synth/xfft_inst/non_floating_point.arch_d.xfft_inst/pe_gen[1].natural_order_input.PE/has_TW_mult.MULT/i_cmpy/three_mult_structure.use_dsp.i_dsp48/dsp_preadder_1.reg_mult1_preadd_d/dN.std_srl.shift_reg_reg[0][23]'
INFO: [Synth 8-3886] merging instance 'U0/i_synth/xfft_inst/non_floating_point.arch_d.xfft_inst/pe_gen[1].natural_order_input.PE/has_TW_mult.MULT/i_cmpy/three_mult_structure.use_dsp.i_dsp48/dsp_preadder_1.reg_mult1_preadd_d/dN.std_srl.shift_reg_reg[0][23]' (FD) to 'U0/i_synth/xfft_inst/non_floating_point.arch_d.xfft_inst/pe_gen[1].natural_order_input.PE/has_TW_mult.MULT/i_cmpy/three_mult_structure.use_dsp.i_dsp48/dsp_preadder_1.reg_mult1_preadd_d/dN.std_srl.shift_reg_reg[0][24]'
INFO: [Synth 8-3886] merging instance 'U0/i_synth/xfft_inst/non_floating_point.arch_d.xfft_inst/pe_gen[1].natural_order_input.PE/has_TW_mult.MULT/i_cmpy/three_mult_structure.use_dsp.i_dsp48/mult3_preadder_d_minus_a.mult3/mult/use_prim.iAdelx[0].iAdely[0].use_delay_line.Adelay/d1.dout_i_reg[0]' (FD) to 'U0/i_synth/xfft_inst/non_floating_point.arch_d.xfft_inst/pe_gen[1].natural_order_input.PE/has_TW_mult.MULT/i_cmpy/three_mult_structure.use_dsp.i_dsp48/mult1_preadder_d_plus_a.mult1/mult/use_prim.iAdelx[0].iAdely[0].use_delay_line.Adelay/d1.dout_i_reg[0]'
INFO: [Synth 8-3886] merging instance 'U0/i_synth/xfft_inst/non_floating_point.arch_d.xfft_inst/pe_gen[1].natural_order_input.PE/has_TW_mult.MULT/i_cmpy/three_mult_structure.use_dsp.i_dsp48/mult3_preadder_d_minus_a.mult3/mult/use_prim.iAdelx[0].iAdely[0].use_delay_line.Adelay/d1.dout_i_reg[1]' (FD) to 'U0/i_synth/xfft_inst/non_floating_point.arch_d.xfft_inst/pe_gen[1].natural_order_input.PE/has_TW_mult.MULT/i_cmpy/three_mult_structure.use_dsp.i_dsp48/mult1_preadder_d_plus_a.mult1/mult/use_prim.iAdelx[0].iAdely[0].use_delay_line.Adelay/d1.dout_i_reg[1]'
INFO: [Synth 8-3886] merging instance 'U0/i_synth/xfft_inst/non_floating_point.arch_d.xfft_inst/pe_gen[1].natural_order_input.PE/has_TW_mult.MULT/i_cmpy/three_mult_structure.use_dsp.i_dsp48/mult3_preadder_d_minus_a.mult3/mult/use_prim.iAdelx[0].iAdely[0].use_delay_line.Adelay/d1.dout_i_reg[2]' (FD) to 'U0/i_synth/xfft_inst/non_floating_point.arch_d.xfft_inst/pe_gen[1].natural_order_input.PE/has_TW_mult.MULT/i_cmpy/three_mult_structure.use_dsp.i_dsp48/mult1_preadder_d_plus_a.mult1/mult/use_prim.iAdelx[0].iAdely[0].use_delay_line.Adelay/d1.dout_i_reg[2]'
INFO: [Synth 8-3886] merging instance 'U0/i_synth/xfft_inst/non_floating_point.arch_d.xfft_inst/pe_gen[1].natural_order_input.PE/has_TW_mult.MULT/i_cmpy/three_mult_structure.use_dsp.i_dsp48/mult3_preadder_d_minus_a.mult3/mult/use_prim.iAdelx[0].iAdely[0].use_delay_line.Adelay/d1.dout_i_reg[3]' (FD) to 'U0/i_synth/xfft_inst/non_floating_point.arch_d.xfft_inst/pe_gen[1].natural_order_input.PE/has_TW_mult.MULT/i_cmpy/three_mult_structure.use_dsp.i_dsp48/mult1_preadder_d_plus_a.mult1/mult/use_prim.iAdelx[0].iAdely[0].use_delay_line.Adelay/d1.dout_i_reg[3]'
INFO: [Synth 8-3886] merging instance 'U0/i_synth/xfft_inst/non_floating_point.arch_d.xfft_inst/pe_gen[1].natural_order_input.PE/has_TW_mult.MULT/i_cmpy/three_mult_structure.use_dsp.i_dsp48/mult3_preadder_d_minus_a.mult3/mult/use_prim.iAdelx[0].iAdely[0].use_delay_line.Adelay/d1.dout_i_reg[4]' (FD) to 'U0/i_synth/xfft_inst/non_floating_point.arch_d.xfft_inst/pe_gen[1].natural_order_input.PE/has_TW_mult.MULT/i_cmpy/three_mult_structure.use_dsp.i_dsp48/mult1_preadder_d_plus_a.mult1/mult/use_prim.iAdelx[0].iAdely[0].use_delay_line.Adelay/d1.dout_i_reg[4]'
INFO: [Synth 8-3886] merging instance 'U0/i_synth/xfft_inst/non_floating_point.arch_d.xfft_inst/pe_gen[1].natural_order_input.PE/has_TW_mult.MULT/i_cmpy/three_mult_structure.use_dsp.i_dsp48/mult3_preadder_d_minus_a.mult3/mult/use_prim.iAdelx[0].iAdely[0].use_delay_line.Adelay/d1.dout_i_reg[5]' (FD) to 'U0/i_synth/xfft_inst/non_floating_point.arch_d.xfft_inst/pe_gen[1].natural_order_input.PE/has_TW_mult.MULT/i_cmpy/three_mult_structure.use_dsp.i_dsp48/mult1_preadder_d_plus_a.mult1/mult/use_prim.iAdelx[0].iAdely[0].use_delay_line.Adelay/d1.dout_i_reg[5]'
INFO: [Synth 8-3886] merging instance 'U0/i_synth/xfft_inst/non_floating_point.arch_d.xfft_inst/pe_gen[1].natural_order_input.PE/has_TW_mult.MULT/i_cmpy/three_mult_structure.use_dsp.i_dsp48/mult3_preadder_d_minus_a.mult3/mult/use_prim.iAdelx[0].iAdely[0].use_delay_line.Adelay/d1.dout_i_reg[6]' (FD) to 'U0/i_synth/xfft_inst/non_floating_point.arch_d.xfft_inst/pe_gen[1].natural_order_input.PE/has_TW_mult.MULT/i_cmpy/three_mult_structure.use_dsp.i_dsp48/mult1_preadder_d_plus_a.mult1/mult/use_prim.iAdelx[0].iAdely[0].use_delay_line.Adelay/d1.dout_i_reg[6]'
INFO: [Synth 8-3886] merging instance 'U0/i_synth/xfft_inst/non_floating_point.arch_d.xfft_inst/pe_gen[1].natural_order_input.PE/has_TW_mult.MULT/i_cmpy/three_mult_structure.use_dsp.i_dsp48/mult3_preadder_d_minus_a.mult3/mult/use_prim.iAdelx[0].iAdely[0].use_delay_line.Adelay/d1.dout_i_reg[7]' (FD) to 'U0/i_synth/xfft_inst/non_floating_point.arch_d.xfft_inst/pe_gen[1].natural_order_input.PE/has_TW_mult.MULT/i_cmpy/three_mult_structure.use_dsp.i_dsp48/mult1_preadder_d_plus_a.mult1/mult/use_prim.iAdelx[0].iAdely[0].use_delay_line.Adelay/d1.dout_i_reg[7]'
INFO: [Synth 8-3886] merging instance 'U0/i_synth/xfft_inst/non_floating_point.arch_d.xfft_inst/pe_gen[1].natural_order_input.PE/has_TW_mult.MULT/i_cmpy/three_mult_structure.use_dsp.i_dsp48/mult3_preadder_d_minus_a.mult3/mult/use_prim.iAdelx[0].iAdely[0].use_delay_line.Adelay/d1.dout_i_reg[8]' (FD) to 'U0/i_synth/xfft_inst/non_floating_point.arch_d.xfft_inst/pe_gen[1].natural_order_input.PE/has_TW_mult.MULT/i_cmpy/three_mult_structure.use_dsp.i_dsp48/mult1_preadder_d_plus_a.mult1/mult/use_prim.iAdelx[0].iAdely[0].use_delay_line.Adelay/d1.dout_i_reg[8]'
INFO: [Synth 8-3886] merging instance 'U0/i_synth/xfft_inst/non_floating_point.arch_d.xfft_inst/pe_gen[1].natural_order_input.PE/has_TW_mult.MULT/i_cmpy/three_mult_structure.use_dsp.i_dsp48/mult3_preadder_d_minus_a.mult3/mult/use_prim.iAdelx[0].iAdely[0].use_delay_line.Adelay/d1.dout_i_reg[9]' (FD) to 'U0/i_synth/xfft_inst/non_floating_point.arch_d.xfft_inst/pe_gen[1].natural_order_input.PE/has_TW_mult.MULT/i_cmpy/three_mult_structure.use_dsp.i_dsp48/mult1_preadder_d_plus_a.mult1/mult/use_prim.iAdelx[0].iAdely[0].use_delay_line.Adelay/d1.dout_i_reg[9]'
INFO: [Synth 8-3886] merging instance 'U0/i_synth/xfft_inst/non_floating_point.arch_d.xfft_inst/pe_gen[1].natural_order_input.PE/has_TW_mult.MULT/i_cmpy/three_mult_structure.use_dsp.i_dsp48/mult3_preadder_d_minus_a.mult3/mult/use_prim.iAdelx[0].iAdely[0].use_delay_line.Adelay/d1.dout_i_reg[10]' (FD) to 'U0/i_synth/xfft_inst/non_floating_point.arch_d.xfft_inst/pe_gen[1].natural_order_input.PE/has_TW_mult.MULT/i_cmpy/three_mult_structure.use_dsp.i_dsp48/mult1_preadder_d_plus_a.mult1/mult/use_prim.iAdelx[0].iAdely[0].use_delay_line.Adelay/d1.dout_i_reg[10]'
INFO: [Synth 8-3886] merging instance 'U0/i_synth/xfft_inst/non_floating_point.arch_d.xfft_inst/pe_gen[1].natural_order_input.PE/has_TW_mult.MULT/i_cmpy/three_mult_structure.use_dsp.i_dsp48/mult3_preadder_d_minus_a.mult3/mult/use_prim.iAdelx[0].iAdely[0].use_delay_line.Adelay/d1.dout_i_reg[11]' (FD) to 'U0/i_synth/xfft_inst/non_floating_point.arch_d.xfft_inst/pe_gen[1].natural_order_input.PE/has_TW_mult.MULT/i_cmpy/three_mult_structure.use_dsp.i_dsp48/mult1_preadder_d_plus_a.mult1/mult/use_prim.iAdelx[0].iAdely[0].use_delay_line.Adelay/d1.dout_i_reg[11]'
INFO: [Synth 8-3886] merging instance 'U0/i_synth/xfft_inst/non_floating_point.arch_d.xfft_inst/pe_gen[1].natural_order_input.PE/has_TW_mult.MULT/i_cmpy/three_mult_structure.use_dsp.i_dsp48/mult3_preadder_d_minus_a.mult3/mult/use_prim.iAdelx[0].iAdely[0].use_delay_line.Adelay/d1.dout_i_reg[12]' (FD) to 'U0/i_synth/xfft_inst/non_floating_point.arch_d.xfft_inst/pe_gen[1].natural_order_input.PE/has_TW_mult.MULT/i_cmpy/three_mult_structure.use_dsp.i_dsp48/mult1_preadder_d_plus_a.mult1/mult/use_prim.iAdelx[0].iAdely[0].use_delay_line.Adelay/d1.dout_i_reg[12]'
INFO: [Synth 8-3886] merging instance 'U0/i_synth/xfft_inst/non_floating_point.arch_d.xfft_inst/pe_gen[1].natural_order_input.PE/has_TW_mult.MULT/i_cmpy/three_mult_structure.use_dsp.i_dsp48/mult3_preadder_d_minus_a.mult3/mult/use_prim.iAdelx[0].iAdely[0].use_delay_line.Adelay/d1.dout_i_reg[13]' (FD) to 'U0/i_synth/xfft_inst/non_floating_point.arch_d.xfft_inst/pe_gen[1].natural_order_input.PE/has_TW_mult.MULT/i_cmpy/three_mult_structure.use_dsp.i_dsp48/mult1_preadder_d_plus_a.mult1/mult/use_prim.iAdelx[0].iAdely[0].use_delay_line.Adelay/d1.dout_i_reg[13]'
INFO: [Synth 8-3886] merging instance 'U0/i_synth/xfft_inst/non_floating_point.arch_d.xfft_inst/pe_gen[1].natural_order_input.PE/has_TW_mult.MULT/i_cmpy/three_mult_structure.use_dsp.i_dsp48/mult3_preadder_d_minus_a.mult3/mult/use_prim.iAdelx[0].iAdely[0].use_delay_line.Adelay/d1.dout_i_reg[14]' (FD) to 'U0/i_synth/xfft_inst/non_floating_point.arch_d.xfft_inst/pe_gen[1].natural_order_input.PE/has_TW_mult.MULT/i_cmpy/three_mult_structure.use_dsp.i_dsp48/mult1_preadder_d_plus_a.mult1/mult/use_prim.iAdelx[0].iAdely[0].use_delay_line.Adelay/d1.dout_i_reg[14]'
INFO: [Synth 8-3886] merging instance 'U0/i_synth/xfft_inst/non_floating_point.arch_d.xfft_inst/pe_gen[1].natural_order_input.PE/has_TW_mult.MULT/i_cmpy/three_mult_structure.use_dsp.i_dsp48/mult3_preadder_d_minus_a.mult3/mult/use_prim.iAdelx[0].iAdely[0].use_delay_line.Adelay/d1.dout_i_reg[15]' (FD) to 'U0/i_synth/xfft_inst/non_floating_point.arch_d.xfft_inst/pe_gen[1].natural_order_input.PE/has_TW_mult.MULT/i_cmpy/three_mult_structure.use_dsp.i_dsp48/mult1_preadder_d_plus_a.mult1/mult/use_prim.iAdelx[0].iAdely[0].use_delay_line.Adelay/d1.dout_i_reg[15]'
INFO: [Synth 8-3886] merging instance 'U0/i_synth/xfft_inst/non_floating_point.arch_d.xfft_inst/pe_gen[1].natural_order_input.PE/has_TW_mult.MULT/i_cmpy/three_mult_structure.use_dsp.i_dsp48/mult3_preadder_d_minus_a.mult3/mult/use_prim.iAdelx[0].iAdely[0].use_delay_line.Adelay/d1.dout_i_reg[16]' (FD) to 'U0/i_synth/xfft_inst/non_floating_point.arch_d.xfft_inst/pe_gen[1].natural_order_input.PE/has_TW_mult.MULT/i_cmpy/three_mult_structure.use_dsp.i_dsp48/mult3_preadder_d_minus_a.mult3/mult/use_prim.iAdelx[0].iAdely[0].use_delay_line.Adelay/d1.dout_i_reg[17]'
INFO: [Common 17-14] Message 'Synth 8-3886' appears 100 times and further instances of the messages will be disabled. Use the Tcl command set_msg_config to change the current settings.
INFO: [Synth 8-3333] propagating constant 0 across sequential element (U0/i_synth/\xfft_inst/non_floating_point.arch_d.xfft_inst/pe_gen[2].natural_order_input.PE/has_TW_mult.TW/twiddle_generator/tw2.twgen2 /\lut_rom.q1_read_reg[15] )
INFO: [Synth 8-3333] propagating constant 0 across sequential element (U0/i_synth/\xfft_inst/non_floating_point.arch_d.xfft_inst/pe_gen[2].natural_order_input.PE/has_TW_mult.TW/twiddle_generator/tw2.twgen2 /\COSINE_reg[16] )
INFO: [Synth 8-3333] propagating constant 0 across sequential element (U0/i_synth/\xfft_inst/non_floating_point.arch_d.xfft_inst/pe_gen[3].natural_order_input.PE/has_TW_mult.TW/twiddle_generator/tw2.twgen2 /\lut_rom.q1_read_reg[15] )
INFO: [Synth 8-3333] propagating constant 0 across sequential element (U0/i_synth/\xfft_inst/non_floating_point.arch_d.xfft_inst/pe_gen[3].natural_order_input.PE/has_TW_mult.TW/twiddle_generator/tw2.twgen2 /\COSINE_reg[16] )
INFO: [Synth 8-3333] propagating constant 0 across sequential element (U0/i_synth/\xfft_inst/non_floating_point.arch_d.xfft_inst/FLOW/has_nfft.counter_limit_early_reg[1].max_n_int_minus_one_ff )
INFO: [Synth 8-3333] propagating constant 0 across sequential element (U0/i_synth/\axi_wrapper/reset_pipe_reg[0] )
INFO: [Synth 8-3333] propagating constant 0 across sequential element (U0/i_synth/\xfft_inst/non_floating_point.arch_d.xfft_inst/pe_gen[3].natural_order_input.PE/has_TW_mult.TW/twiddle_generator/tw2.twgen2 /\COSINE_reg[8] )
INFO: [Synth 8-3333] propagating constant 0 across sequential element (U0/i_synth/\axi_wrapper/current_state_reg[8] )
INFO: [Synth 8-3333] propagating constant 0 across sequential element (U0/i_synth/\axi_wrapper/reset_pipe_reg[1] )
INFO: [Synth 8-3333] propagating constant 0 across sequential element (U0/i_synth/\axi_wrapper/sclr_int_reg )
INFO: [Synth 8-3333] propagating constant 0 across sequential element (U0/i_synth/\xfft_inst/non_floating_point.arch_d.xfft_inst/pe_gen[3].natural_order_input.PE/has_TW_mult.MULT/i_cmpy/three_mult_structure.use_dsp.i_dsp48/optionally_negate_inputs/apply_negation.registered_twos_comp_hblknm.gen_full_slices[0].gen_fdre[0].ff_bi )
INFO: [Synth 8-3333] propagating constant 0 across sequential element (U0/i_synth/\xfft_inst/non_floating_point.arch_d.xfft_inst/pe_gen[3].natural_order_input.PE/has_TW_mult.MULT/i_cmpy/three_mult_structure.use_dsp.i_dsp48/optionally_negate_inputs/apply_negation.registered_twos_comp_hblknm.gen_full_slices[0].gen_fdre[0].ff_br )
INFO: [Synth 8-3333] propagating constant 1 across sequential element (U0/i_synth/\axi_wrapper/gen_has_nfft.nfft_expandedm1_reg[2] )
INFO: [Synth 8-3333] propagating constant 0 across sequential element (U0/i_synth/\xfft_inst/non_floating_point.arch_d.xfft_inst/pe_gen[3].natural_order_input.PE/has_TW_mult.MULT/i_cmpy/three_mult_structure.use_dsp.i_dsp48/dsp_preadder_1.reg_mult1_preadd_d/dN.std_srl.shift_reg_reg[0][0] )
INFO: [Synth 8-3333] propagating constant 0 across sequential element (U0/i_synth/\xfft_inst/non_floating_point.arch_d.xfft_inst/pe_gen[3].natural_order_input.PE/has_TW_mult.MULT/i_cmpy/three_mult_structure.use_dsp.i_dsp48/mult1_preadder_d_plus_a.mult1/mult/use_prim.iAdelx[0].iAdely[0].use_delay_line.Adelay/d1.dout_i_reg[0] )
INFO: [Synth 8-3333] propagating constant 0 across sequential element (U0/i_synth/\xfft_inst/non_floating_point.arch_d.xfft_inst/pe_gen[3].natural_order_input.PE/has_TW_mult.MULT/i_cmpy/three_mult_structure.use_dsp.i_dsp48/dsp_preadder_1.reg_mult1_preadd_d/dN.std_srl.shift_reg_reg[1][0] )
---------------------------------------------------------------------------------
Finished Cross Boundary and Area Optimization : Time (s): cpu = 00:00:51 ; elapsed = 00:01:06 . Memory (MB): peak = 2785.582 ; gain = 1998.027
---------------------------------------------------------------------------------

Report RTL Partitions: 
+-+--------------+------------+----------+
| |RTL Partition |Replication |Instances |
+-+--------------+------------+----------+
+-+--------------+------------+----------+
---------------------------------------------------------------------------------
Start Applying XDC Timing Constraints
---------------------------------------------------------------------------------
---------------------------------------------------------------------------------
Finished Applying XDC Timing Constraints : Time (s): cpu = 00:00:56 ; elapsed = 00:01:12 . Memory (MB): peak = 2785.582 ; gain = 1998.027
---------------------------------------------------------------------------------
---------------------------------------------------------------------------------
Start Timing Optimization
---------------------------------------------------------------------------------
---------------------------------------------------------------------------------
Finished Timing Optimization : Time (s): cpu = 00:00:57 ; elapsed = 00:01:13 . Memory (MB): peak = 2785.582 ; gain = 1998.027
---------------------------------------------------------------------------------

Report RTL Partitions: 
+-+--------------+------------+----------+
| |RTL Partition |Replication |Instances |
+-+--------------+------------+----------+
+-+--------------+------------+----------+
---------------------------------------------------------------------------------
Start Technology Mapping
---------------------------------------------------------------------------------
---------------------------------------------------------------------------------
Finished Technology Mapping : Time (s): cpu = 00:00:59 ; elapsed = 00:01:16 . Memory (MB): peak = 2785.582 ; gain = 1998.027
---------------------------------------------------------------------------------

Report RTL Partitions: 
+-+--------------+------------+----------+
| |RTL Partition |Replication |Instances |
+-+--------------+------------+----------+
+-+--------------+------------+----------+
---------------------------------------------------------------------------------
Start IO Insertion
---------------------------------------------------------------------------------
---------------------------------------------------------------------------------
Start Flattening Before IO Insertion
---------------------------------------------------------------------------------
---------------------------------------------------------------------------------
Finished Flattening Before IO Insertion
---------------------------------------------------------------------------------
---------------------------------------------------------------------------------
Start Final Netlist Cleanup
---------------------------------------------------------------------------------
---------------------------------------------------------------------------------
Finished Final Netlist Cleanup
---------------------------------------------------------------------------------
---------------------------------------------------------------------------------
Finished IO Insertion : Time (s): cpu = 00:01:01 ; elapsed = 00:01:18 . Memory (MB): peak = 2785.582 ; gain = 1998.027
---------------------------------------------------------------------------------
---------------------------------------------------------------------------------
Start Renaming Generated Instances
---------------------------------------------------------------------------------
---------------------------------------------------------------------------------
Finished Renaming Generated Instances : Time (s): cpu = 00:01:01 ; elapsed = 00:01:18 . Memory (MB): peak = 2785.582 ; gain = 1998.027
---------------------------------------------------------------------------------

Report RTL Partitions: 
+-+--------------+------------+----------+
| |RTL Partition |Replication |Instances |
+-+--------------+------------+----------+
+-+--------------+------------+----------+

Report Check Netlist: 
+------+------------------+-------+---------+-------+------------------+
|      |Item              |Errors |Warnings |Status |Description       |
+------+------------------+-------+---------+-------+------------------+
|1     |multi_driven_nets |      0|        0|Passed |Multi driven nets |
+------+------------------+-------+---------+-------+------------------+
---------------------------------------------------------------------------------
Start Rebuilding User Hierarchy
---------------------------------------------------------------------------------
---------------------------------------------------------------------------------
Finished Rebuilding User Hierarchy : Time (s): cpu = 00:01:02 ; elapsed = 00:01:19 . Memory (MB): peak = 2785.582 ; gain = 1998.027
---------------------------------------------------------------------------------
---------------------------------------------------------------------------------
Start Renaming Generated Ports
---------------------------------------------------------------------------------
---------------------------------------------------------------------------------
Finished Renaming Generated Ports : Time (s): cpu = 00:01:02 ; elapsed = 00:01:19 . Memory (MB): peak = 2785.582 ; gain = 1998.027
---------------------------------------------------------------------------------
---------------------------------------------------------------------------------
Start Handling Custom Attributes
---------------------------------------------------------------------------------
---------------------------------------------------------------------------------
Finished Handling Custom Attributes : Time (s): cpu = 00:01:02 ; elapsed = 00:01:19 . Memory (MB): peak = 2785.582 ; gain = 1998.027
---------------------------------------------------------------------------------
---------------------------------------------------------------------------------
Start Renaming Generated Nets
---------------------------------------------------------------------------------
---------------------------------------------------------------------------------
Finished Renaming Generated Nets : Time (s): cpu = 00:01:02 ; elapsed = 00:01:19 . Memory (MB): peak = 2785.582 ; gain = 1998.027
---------------------------------------------------------------------------------
---------------------------------------------------------------------------------
Start Writing Synthesis Report
---------------------------------------------------------------------------------

Report BlackBoxes: 
+-+--------------+----------+
| |BlackBox name |Instances |
+-+--------------+----------+
+-+--------------+----------+

Report Cell Usage: 
+------+-----------+------+
|      |Cell       |Count |
+------+-----------+------+
|1     |CARRY4     |    39|
|2     |DSP48E1    |     8|
|3     |DSP48E1_1  |     4|
|4     |LUT1       |    35|
|5     |LUT2       |   583|
|6     |LUT3       |  1401|
|7     |LUT4       |   406|
|8     |LUT5       |    14|
|9     |LUT6       |   320|
|10    |MUXCY      |   944|
|11    |MUXF7      |    56|
|12    |RAM64X1S   |    32|
|13    |RAMB18     |     2|
|14    |RAMB18E1   |     3|
|15    |RAMB18E1_2 |     1|
|16    |SRL16E     |  1065|
|17    |SRLC32E    |   139|
|18    |XORCY      |   918|
|19    |FD         |     5|
|20    |FDE        |   424|
|21    |FDR        |    27|
|22    |FDRE       |  4338|
|23    |FDSE       |    14|
+------+-----------+------+
---------------------------------------------------------------------------------
Finished Writing Synthesis Report : Time (s): cpu = 00:01:02 ; elapsed = 00:01:19 . Memory (MB): peak = 2785.582 ; gain = 1998.027
---------------------------------------------------------------------------------
Synthesis finished with 0 errors, 0 critical warnings and 3848 warnings.
Synthesis Optimization Runtime : Time (s): cpu = 00:00:21 ; elapsed = 00:01:15 . Memory (MB): peak = 2785.582 ; gain = 1998.027
Synthesis Optimization Complete : Time (s): cpu = 00:01:02 ; elapsed = 00:01:19 . Memory (MB): peak = 2785.582 ; gain = 1998.027
INFO: [Project 1-571] Translating synthesized netlist
Netlist sorting complete. Time (s): cpu = 00:00:00 ; elapsed = 00:00:00.167 . Memory (MB): peak = 2785.582 ; gain = 0.000
INFO: [Netlist 29-17] Analyzing 2463 Unisim elements for replacement
INFO: [Netlist 29-28] Unisim Transformation completed in 0 CPU seconds
INFO: [Project 1-570] Preparing netlist for logic optimization
INFO: [Opt 31-138] Pushed 0 inverter(s) to 0 load pin(s).
Netlist sorting complete. Time (s): cpu = 00:00:00 ; elapsed = 00:00:00.005 . Memory (MB): peak = 2785.582 ; gain = 0.000
INFO: [Project 1-111] Unisim Transformation Summary:
  A total of 784 instances were transformed.
  (MUXCY,XORCY) => CARRY4: 294 instances
  FD => FDRE: 5 instances
  FDE => FDRE: 424 instances
  FDR => FDRE: 27 instances
  RAM64X1S => RAM64X1S (RAMS64E): 32 instances
  RAMB18 => RAMB18E1: 2 instances

INFO: [Common 17-83] Releasing license: Synthesis
273 Infos, 100 Warnings, 0 Critical Warnings and 0 Errors encountered.
synth_design completed successfully
synth_design: Time (s): cpu = 00:01:07 ; elapsed = 00:01:26 . Memory (MB): peak = 2785.582 ; gain = 2296.637
Netlist sorting complete. Time (s): cpu = 00:00:00 ; elapsed = 00:00:00.006 . Memory (MB): peak = 2785.582 ; gain = 0.000
WARNING: [Constraints 18-5210] No constraints selected for write.
Resolution: This message can indicate that there are no constraints for the design, or it can indicate that the used_in flags are set such that the constraints are ignored. This later case is used when running synth_design to not write synthesis constraints to the resulting checkpoint. Instead, project constraints are read when the synthesized design is opened.
INFO: [Common 17-1381] The checkpoint 'D:/Work/Hobby_proj/spectrum_analyzer/spectrum_analyzer.runs/design_1_xfft_0_0_synth_1/design_1_xfft_0_0.dcp' has been generated.
WARNING: [Common 17-576] 'use_project_ipc' is deprecated. This option is deprecated and no longer used.
INFO: [Coretcl 2-1648] Added synthesis output to IP cache for IP design_1_xfft_0_0, cache-ID = 04c010ce29596fc9
INFO: [Coretcl 2-1174] Renamed 1091 cell refs.
Netlist sorting complete. Time (s): cpu = 00:00:00 ; elapsed = 00:00:00.007 . Memory (MB): peak = 2785.582 ; gain = 0.000
WARNING: [Constraints 18-5210] No constraints selected for write.
Resolution: This message can indicate that there are no constraints for the design, or it can indicate that the used_in flags are set such that the constraints are ignored. This later case is used when running synth_design to not write synthesis constraints to the resulting checkpoint. Instead, project constraints are read when the synthesized design is opened.
INFO: [Common 17-1381] The checkpoint 'D:/Work/Hobby_proj/spectrum_analyzer/spectrum_analyzer.runs/design_1_xfft_0_0_synth_1/design_1_xfft_0_0.dcp' has been generated.
INFO: [runtcl-4] Executing : report_utilization -file design_1_xfft_0_0_utilization_synth.rpt -pb design_1_xfft_0_0_utilization_synth.pb
INFO: [Common 17-206] Exiting Vivado at Fri Aug  9 23:56:51 2024...
